id,creator_id,project_id,constraint,status,comments,previous_status,created_at,updated_at,num_status
1,2,1,overall,green,,,2021-11-23 05:04:23,2021-11-23 05:04:23,1
2,2,1,scope,green,,,2021-11-23 05:04:23,2021-11-23 05:04:23,1
3,2,1,budget,green,,,2021-11-23 05:04:23,2021-11-23 05:04:23,1
4,2,1,schedule,green,,,2021-11-23 05:04:23,2021-11-23 05:04:23,1
5,2,2,overall,green,,,2021-11-23 05:07:29,2021-11-23 05:07:29,1
6,2,2,scope,green,,,2021-11-23 05:07:29,2021-11-23 05:07:29,1
7,2,2,budget,green,,,2021-11-23 05:07:29,2021-11-23 05:07:29,1
8,2,2,schedule,green,,,2021-11-23 05:07:29,2021-11-23 05:07:29,1
9,2,3,overall,green,,,2021-11-23 05:11:21,2021-11-23 05:11:21,1
10,2,3,scope,green,,,2021-11-23 05:11:21,2021-11-23 05:11:21,1
11,2,3,budget,green,,,2021-11-23 05:11:21,2021-11-23 05:11:21,1
12,2,3,schedule,green,,,2021-11-23 05:11:21,2021-11-23 05:11:21,1
13,2,4,overall,green,,,2021-11-26 12:01:30,2021-11-26 12:01:30,1
14,2,4,scope,green,,,2021-11-26 12:01:30,2021-11-26 12:01:30,1
15,2,4,budget,green,,,2021-11-26 12:01:30,2021-11-26 12:01:30,1
16,2,4,schedule,green,,,2021-11-26 12:01:31,2021-11-26 12:01:31,1
17,2,4,overall,yellow,having some issues but seem to be staying on track,green,2021-11-26 12:02:24,2021-11-26 12:02:24,2
18,2,4,scope,yellow,,green,2021-11-26 12:03:49,2021-11-26 12:03:49,2
19,2,4,schedule,green,,green,2021-11-26 12:03:57,2021-11-26 12:03:57,1
20,2,4,budget,green,,green,2021-11-26 12:04:03,2021-11-26 12:04:03,1
21,2,4,overall,red,,yellow,2021-11-29 06:13:17,2021-11-29 06:13:17,3
22,2,4,schedule,red,There is a risk that the information provided as to the technical spec does not conform with the safety guidelines that are coming out later this year.,green,2021-11-29 06:13:31,2021-11-29 06:13:31,3
23,2,4,scope,yellow,the plan but need to execute,yellow,2021-11-29 06:13:59,2021-11-29 06:13:59,2
24,2,4,overall,green,back on track!,red,2021-11-30 04:31:55,2021-11-30 04:31:55,1
25,2,4,schedule,yellow,,red,2021-11-30 04:32:06,2021-11-30 04:32:06,2
26,2,4,scope,green,,yellow,2021-11-30 04:32:12,2021-11-30 04:32:12,1
27,2,1,overall,yellow,,green,2021-12-06 10:38:27,2021-12-06 10:38:27,2
28,2,1,scope,green,,green,2021-12-06 10:38:33,2021-12-06 10:38:33,1
29,2,1,schedule,red,,green,2021-12-06 10:38:38,2021-12-06 10:38:38,3
30,2,1,budget,red,,green,2021-12-06 10:38:42,2021-12-06 10:38:42,3
31,2,2,overall,yellow,,green,2021-12-06 10:39:27,2021-12-06 10:39:27,2
32,2,2,scope,green,,green,2021-12-06 10:39:32,2021-12-06 10:39:32,1
33,2,2,schedule,red,,green,2021-12-06 10:39:37,2021-12-06 10:39:37,3
34,2,2,budget,red,,green,2021-12-06 10:39:42,2021-12-06 10:39:42,3
35,2,3,overall,red,,green,2021-12-06 12:00:00,2021-12-06 12:00:00,3
36,2,3,scope,yellow,,green,2021-12-06 12:00:07,2021-12-06 12:00:07,2
37,2,3,schedule,yellow,,green,2021-12-06 12:00:12,2021-12-06 12:00:12,2
38,2,3,budget,red,,green,2021-12-06 12:00:17,2021-12-06 12:00:17,3
39,2,4,overall,yellow,,green,2021-12-13 03:35:52,2021-12-13 03:35:52,2
40,2,4,risk,yellow,,,2021-12-13 04:14:29,2021-12-13 04:14:29,2
41,2,4,technology,red,Most of what we are doing is to receive more training and information on our current situation while trying to apply the requirements of the project to the outcome.,,2021-12-13 04:15:05,2021-12-13 04:15:05,3
42,2,4,other,green,,,2021-12-13 04:37:33,2021-12-13 04:37:33,1
43,2,2,overall,green,,yellow,2022-01-03 10:41:09,2022-01-03 10:41:09,1
44,2,2,schedule,yellow,,red,2022-01-03 10:41:41,2022-01-03 10:41:41,2
45,2,2,communication,yellow,,,2022-01-03 10:41:55,2022-01-03 10:41:55,2
46,2,2,procurement,yellow,Having some difficulties with the purchasing of the new box on time for the schedule,,2022-01-03 10:42:45,2022-01-03 10:42:45,2
47,7,5,overall,green,,,2022-01-10 01:05:21,2022-01-10 01:05:21,1
48,7,5,scope,green,,,2022-01-10 01:05:21,2022-01-10 01:05:21,1
49,7,5,budget,green,,,2022-01-10 01:05:21,2022-01-10 01:05:21,1
50,7,5,schedule,green,,,2022-01-10 01:05:21,2022-01-10 01:05:21,1
51,25,6,overall,green,,,2022-01-12 04:25:29,2022-01-12 04:25:29,1
52,25,6,scope,green,,,2022-01-12 04:25:29,2022-01-12 04:25:29,1
53,25,6,budget,green,,,2022-01-12 04:25:29,2022-01-12 04:25:29,1
54,25,6,schedule,green,,,2022-01-12 04:25:29,2022-01-12 04:25:29,1
55,10,7,overall,green,,,2022-01-12 05:20:16,2022-01-12 05:20:16,1
56,10,7,scope,green,,,2022-01-12 05:20:16,2022-01-12 05:20:16,1
57,10,7,budget,green,,,2022-01-12 05:20:16,2022-01-12 05:20:16,1
58,10,7,schedule,green,,,2022-01-12 05:20:16,2022-01-12 05:20:16,1
59,10,8,overall,green,,,2022-01-12 06:28:03,2022-01-12 06:28:03,1
60,10,8,scope,green,,,2022-01-12 06:28:03,2022-01-12 06:28:03,1
61,10,8,budget,green,,,2022-01-12 06:28:03,2022-01-12 06:28:03,1
62,10,8,schedule,green,,,2022-01-12 06:28:03,2022-01-12 06:28:03,1
63,10,9,overall,green,,,2022-01-12 06:58:02,2022-01-12 06:58:02,1
64,10,9,scope,green,,,2022-01-12 06:58:02,2022-01-12 06:58:02,1
65,10,9,budget,green,,,2022-01-12 06:58:02,2022-01-12 06:58:02,1
66,10,9,schedule,green,,,2022-01-12 06:58:02,2022-01-12 06:58:02,1
67,29,10,overall,green,,,2022-01-12 10:39:05,2022-01-12 10:39:05,1
68,29,10,scope,green,,,2022-01-12 10:39:05,2022-01-12 10:39:05,1
69,29,10,budget,green,,,2022-01-12 10:39:05,2022-01-12 10:39:05,1
70,29,10,schedule,green,,,2022-01-12 10:39:05,2022-01-12 10:39:05,1
71,18,11,overall,green,,,2022-01-13 04:09:56,2022-01-13 04:09:56,1
72,18,11,scope,green,,,2022-01-13 04:09:56,2022-01-13 04:09:56,1
73,18,11,budget,green,,,2022-01-13 04:09:56,2022-01-13 04:09:56,1
74,18,11,schedule,green,,,2022-01-13 04:09:56,2022-01-13 04:09:56,1
75,6,12,overall,green,,,2022-01-13 04:32:11,2022-01-13 04:32:11,1
76,6,12,scope,green,,,2022-01-13 04:32:11,2022-01-13 04:32:11,1
77,6,12,budget,green,,,2022-01-13 04:32:11,2022-01-13 04:32:11,1
78,6,12,schedule,green,,,2022-01-13 04:32:11,2022-01-13 04:32:11,1
79,18,13,overall,green,,,2022-01-13 04:41:19,2022-01-13 04:41:19,1
80,18,13,scope,green,,,2022-01-13 04:41:19,2022-01-13 04:41:19,1
81,18,13,budget,green,,,2022-01-13 04:41:19,2022-01-13 04:41:19,1
82,18,13,schedule,green,,,2022-01-13 04:41:19,2022-01-13 04:41:19,1
83,2,3,overall,yellow,we need to take this down a notch,red,2022-01-14 09:06:51,2022-01-14 09:06:51,2
84,18,14,overall,green,,,2022-01-14 12:29:44,2022-01-14 12:29:44,1
85,18,14,scope,green,,,2022-01-14 12:29:44,2022-01-14 12:29:44,1
86,18,14,budget,green,,,2022-01-14 12:29:44,2022-01-14 12:29:44,1
87,18,14,schedule,green,,,2022-01-14 12:29:44,2022-01-14 12:29:44,1
88,18,15,overall,green,,,2022-01-14 12:51:05,2022-01-14 12:51:05,1
89,18,15,scope,green,,,2022-01-14 12:51:05,2022-01-14 12:51:05,1
90,18,15,budget,green,,,2022-01-14 12:51:05,2022-01-14 12:51:05,1
91,18,15,schedule,green,,,2022-01-14 12:51:05,2022-01-14 12:51:05,1
92,2,16,overall,green,,,2022-01-17 04:05:15,2022-01-17 04:05:15,1
93,2,16,scope,green,,,2022-01-17 04:05:15,2022-01-17 04:05:15,1
94,2,16,budget,green,,,2022-01-17 04:05:15,2022-01-17 04:05:15,1
95,2,16,schedule,green,,,2022-01-17 04:05:15,2022-01-17 04:05:15,1
96,18,17,overall,green,,,2022-01-17 09:37:22,2022-01-17 09:37:22,1
97,18,17,scope,green,,,2022-01-17 09:37:22,2022-01-17 09:37:22,1
98,18,17,budget,green,,,2022-01-17 09:37:22,2022-01-17 09:37:22,1
99,18,17,schedule,green,,,2022-01-17 09:37:22,2022-01-17 09:37:22,1
100,18,18,overall,green,,,2022-01-18 06:39:53,2022-01-18 06:39:53,1
101,18,18,scope,green,,,2022-01-18 06:39:53,2022-01-18 06:39:53,1
102,18,18,budget,green,,,2022-01-18 06:39:53,2022-01-18 06:39:53,1
103,18,18,schedule,green,,,2022-01-18 06:39:53,2022-01-18 06:39:53,1
104,2,3,overall,green,,yellow,2022-01-19 05:17:49,2022-01-19 05:17:49,1
105,24,19,overall,green,,,2022-01-19 15:24:09,2022-01-19 15:24:09,1
106,24,19,scope,green,,,2022-01-19 15:24:09,2022-01-19 15:24:09,1
107,24,19,budget,green,,,2022-01-19 15:24:09,2022-01-19 15:24:09,1
108,24,19,schedule,green,,,2022-01-19 15:24:09,2022-01-19 15:24:09,1
109,2,2,overall,yellow,still problems getting the tech group to participate,green,2022-01-23 04:23:08,2022-01-23 04:23:08,2
110,2,2,resources,yellow,,,2022-01-23 04:23:26,2022-01-23 04:23:26,2
111,2,2,resources,red,,yellow,2022-01-23 04:23:33,2022-01-23 04:23:33,3
112,2,2,communication,green,,yellow,2022-01-23 04:23:38,2022-01-23 04:23:38,1
113,2,2,procurement,green,,yellow,2022-01-23 04:23:44,2022-01-23 04:23:44,1
114,2,1,overall,red,,yellow,2022-01-23 04:35:31,2022-01-23 04:35:31,3
115,2,20,overall,green,,,2022-01-23 12:29:46,2022-01-23 12:29:46,1
116,2,20,scope,green,,,2022-01-23 12:29:46,2022-01-23 12:29:46,1
117,2,20,budget,green,,,2022-01-23 12:29:46,2022-01-23 12:29:46,1
118,2,20,schedule,green,,,2022-01-23 12:29:46,2022-01-23 12:29:46,1
119,2,21,overall,green,,,2022-01-25 12:54:45,2022-01-25 12:54:45,1
120,2,21,scope,green,,,2022-01-25 12:54:45,2022-01-25 12:54:45,1
121,2,21,budget,green,,,2022-01-25 12:54:45,2022-01-25 12:54:45,1
122,2,21,schedule,green,,,2022-01-25 12:54:45,2022-01-25 12:54:45,1
123,27,22,overall,green,,,2022-01-25 13:20:01,2022-01-25 13:20:01,1
124,27,22,scope,green,,,2022-01-25 13:20:01,2022-01-25 13:20:01,1
125,27,22,budget,green,,,2022-01-25 13:20:01,2022-01-25 13:20:01,1
126,27,22,schedule,green,,,2022-01-25 13:20:01,2022-01-25 13:20:01,1
127,2,2,overall,green,,yellow,2022-01-25 13:29:14,2022-01-25 13:29:14,1
128,18,23,overall,green,,,2022-01-28 08:48:10,2022-01-28 08:48:10,1
129,18,23,scope,green,,,2022-01-28 08:48:10,2022-01-28 08:48:10,1
130,18,23,budget,green,,,2022-01-28 08:48:10,2022-01-28 08:48:10,1
131,18,23,schedule,green,,,2022-01-28 08:48:10,2022-01-28 08:48:10,1
132,39,24,overall,green,,,2022-01-31 15:21:45,2022-01-31 15:21:45,1
133,39,24,scope,green,,,2022-01-31 15:21:45,2022-01-31 15:21:45,1
134,39,24,budget,green,,,2022-01-31 15:21:45,2022-01-31 15:21:45,1
135,39,24,schedule,green,,,2022-01-31 15:21:45,2022-01-31 15:21:45,1
136,42,25,overall,green,,,2022-02-07 02:09:17,2022-02-07 02:09:17,1
137,42,25,scope,green,,,2022-02-07 02:09:17,2022-02-07 02:09:17,1
138,42,25,budget,green,,,2022-02-07 02:09:17,2022-02-07 02:09:17,1
139,42,25,schedule,green,,,2022-02-07 02:09:17,2022-02-07 02:09:17,1
140,42,25,quality,yellow,Tool is not flexible for adding or removing columns,,2022-02-07 02:33:55,2022-02-07 02:33:55,2
141,42,26,overall,green,,,2022-02-07 02:42:26,2022-02-07 02:42:26,1
142,42,26,scope,green,,,2022-02-07 02:42:26,2022-02-07 02:42:26,1
143,42,26,budget,green,,,2022-02-07 02:42:26,2022-02-07 02:42:26,1
144,42,26,schedule,green,,,2022-02-07 02:42:26,2022-02-07 02:42:26,1
145,2,27,overall,green,,,2022-02-07 06:16:25,2022-02-07 06:16:25,1
146,2,27,scope,green,,,2022-02-07 06:16:25,2022-02-07 06:16:25,1
147,2,27,budget,green,,,2022-02-07 06:16:25,2022-02-07 06:16:25,1
148,2,27,schedule,green,,,2022-02-07 06:16:25,2022-02-07 06:16:25,1
149,2,28,overall,green,,,2022-02-07 07:00:34,2022-02-07 07:00:34,1
150,2,28,scope,green,,,2022-02-07 07:00:34,2022-02-07 07:00:34,1
151,2,28,budget,green,,,2022-02-07 07:00:34,2022-02-07 07:00:34,1
152,2,28,schedule,green,,,2022-02-07 07:00:34,2022-02-07 07:00:34,1
153,2,29,overall,green,,,2022-02-07 07:02:25,2022-02-07 07:02:25,1
154,2,29,scope,green,,,2022-02-07 07:02:25,2022-02-07 07:02:25,1
155,2,29,budget,green,,,2022-02-07 07:02:25,2022-02-07 07:02:25,1
156,2,29,schedule,green,,,2022-02-07 07:02:25,2022-02-07 07:02:25,1
157,7,30,overall,green,,,2022-02-07 07:39:40,2022-02-07 07:39:40,1
158,7,30,scope,green,,,2022-02-07 07:39:40,2022-02-07 07:39:40,1
159,7,30,budget,green,,,2022-02-07 07:39:40,2022-02-07 07:39:40,1
160,7,30,schedule,green,,,2022-02-07 07:39:40,2022-02-07 07:39:40,1
161,2,31,overall,green,,,2022-02-07 07:46:27,2022-02-07 07:46:27,1
162,2,31,scope,green,,,2022-02-07 07:46:27,2022-02-07 07:46:27,1
163,2,31,budget,green,,,2022-02-07 07:46:27,2022-02-07 07:46:27,1
164,2,31,schedule,green,,,2022-02-07 07:46:27,2022-02-07 07:46:27,1
165,2,32,overall,green,,,2022-02-07 07:52:07,2022-02-07 07:52:07,1
166,2,32,scope,green,,,2022-02-07 07:52:07,2022-02-07 07:52:07,1
167,2,32,budget,green,,,2022-02-07 07:52:07,2022-02-07 07:52:07,1
168,2,32,schedule,green,,,2022-02-07 07:52:07,2022-02-07 07:52:07,1
169,2,33,overall,green,,,2022-02-09 11:08:05,2022-02-09 11:08:05,1
170,2,33,scope,green,,,2022-02-09 11:08:05,2022-02-09 11:08:05,1
171,2,33,budget,green,,,2022-02-09 11:08:05,2022-02-09 11:08:05,1
172,2,33,schedule,green,,,2022-02-09 11:08:05,2022-02-09 11:08:05,1
173,2,20,overall,yellow,,green,2022-02-09 12:59:01,2022-02-09 12:59:01,2
174,2,20,scope,red,,green,2022-02-09 12:59:06,2022-02-09 12:59:06,3
175,2,20,schedule,yellow,,green,2022-02-09 12:59:12,2022-02-09 12:59:12,2
176,2,20,budget,green,,green,2022-02-09 12:59:17,2022-02-09 12:59:17,1
177,2,2,overall,red,,green,2022-02-09 13:02:04,2022-02-09 13:02:04,3
178,2,1,overall,yellow,,red,2022-02-09 13:02:38,2022-02-09 13:02:38,2
179,2,1,schedule,red,,red,2022-02-09 13:02:46,2022-02-09 13:02:46,3
180,2,1,overall,green,,yellow,2022-02-09 13:02:52,2022-02-09 13:02:52,1
181,2,1,resources,green,,,2022-02-09 13:05:14,2022-02-09 13:05:14,1
182,2,1,technology,green,,,2022-02-09 13:05:23,2022-02-09 13:05:23,1
183,2,1,communication,green,,,2022-02-09 13:05:30,2022-02-09 13:05:30,1
184,2,1,other,green,,,2022-02-09 13:05:52,2022-02-09 13:05:52,1
185,2,1,other,red,,green,2022-02-09 13:06:00,2022-02-09 13:06:00,3
186,2,1,technology,red,,green,2022-02-09 13:06:08,2022-02-09 13:06:08,3
187,2,1,communication,green,,green,2022-02-09 13:06:14,2022-02-09 13:06:14,1
188,2,1,resources,green,,green,2022-02-09 13:06:37,2022-02-09 13:06:37,1
189,2,4,resources,green,,,2022-02-09 13:08:55,2022-02-09 13:08:55,1
190,2,4,resources,green,All resources remain available,green,2022-02-09 13:09:33,2022-02-09 13:09:33,1
191,2,4,risk,yellow,Continue to see multiple risks that have high probability and impact,yellow,2022-02-09 13:10:32,2022-02-09 13:10:32,2
192,2,4,technology,yellow,With new contracted tech we are in better position for testing,red,2022-02-09 13:11:40,2022-02-09 13:11:40,2
193,2,4,other,green,,green,2022-02-09 13:12:01,2022-02-09 13:12:01,1
194,2,4,other,green,,green,2022-02-09 13:30:36,2022-02-09 13:30:36,1
195,2,4,scope,green,,green,2022-02-09 13:31:08,2022-02-09 13:31:08,1
196,2,4,scope,yellow,Need to discuss removing some features,green,2022-02-09 13:31:53,2022-02-09 13:31:53,2
197,2,4,schedule,red,,yellow,2022-02-09 13:32:10,2022-02-09 13:32:10,3
198,2,4,schedule,red,,red,2022-02-09 13:32:24,2022-02-09 13:32:24,3
199,2,4,schedule,red,We will be putting through a change request to schedule based on increased test time,red,2022-02-09 13:33:26,2022-02-09 13:33:26,3
200,2,20,overall,red,,yellow,2022-02-11 03:36:08,2022-02-11 03:36:08,3
201,2,20,schedule,red,,yellow,2022-02-11 03:36:19,2022-02-11 03:36:19,3
202,43,34,overall,green,,,2022-02-14 08:20:10,2022-02-14 08:20:10,1
203,43,34,scope,green,,,2022-02-14 08:20:10,2022-02-14 08:20:10,1
204,43,34,budget,green,,,2022-02-14 08:20:10,2022-02-14 08:20:10,1
205,43,34,schedule,green,,,2022-02-14 08:20:10,2022-02-14 08:20:10,1
206,32,35,overall,green,,,2022-02-15 07:58:22,2022-02-15 07:58:22,1
207,32,35,scope,green,,,2022-02-15 07:58:22,2022-02-15 07:58:22,1
208,32,35,budget,green,,,2022-02-15 07:58:22,2022-02-15 07:58:22,1
209,32,35,schedule,green,,,2022-02-15 07:58:22,2022-02-15 07:58:22,1
210,46,36,overall,green,,,2022-02-28 03:46:27,2022-02-28 03:46:27,1
211,46,36,scope,green,,,2022-02-28 03:46:27,2022-02-28 03:46:27,1
212,46,36,budget,green,,,2022-02-28 03:46:27,2022-02-28 03:46:27,1
213,46,36,schedule,green,,,2022-02-28 03:46:27,2022-02-28 03:46:27,1
214,46,36,overall,red,Test Comments,green,2022-02-28 04:01:46,2022-02-28 04:01:46,3
215,46,36,scope,yellow,Test Scope COmments,green,2022-02-28 04:02:03,2022-02-28 04:02:03,2
216,46,36,schedule,green,Schedule update,green,2022-02-28 04:02:17,2022-02-28 04:02:17,1
217,46,36,budget,yellow,Budget Update GYR,green,2022-02-28 04:02:34,2022-02-28 04:02:34,2
218,46,36,quality,red,Quality,,2022-02-28 04:03:01,2022-02-28 04:03:01,3
219,46,36,communication,green,Communication at the best level..,,2022-02-28 04:03:24,2022-02-28 04:03:24,1
220,2,2,overall,yellow,making some headway on the work that needs to bring us back to the planned schedule,red,2022-02-28 11:17:15,2022-02-28 11:17:15,2
221,2,2,budget,green,the budget change has been approved so that we are currently on plan for budget,red,2022-02-28 11:18:10,2022-02-28 11:18:10,1
222,2,2,schedule,yellow,work seems to be getting ahead enough to put us back on schedule,yellow,2022-02-28 11:19:09,2022-02-28 11:19:09,2
223,2,20,overall,yellow,have work in place to put us back in line with plan,red,2022-02-28 11:27:51,2022-02-28 11:27:51,2
224,2,4,overall,green,on plan,yellow,2022-02-28 11:35:37,2022-02-28 11:35:37,1
225,2,4,schedule,yellow,could still have schedule issues but have planned work and timing in place to move back to green,red,2022-02-28 11:36:17,2022-02-28 11:36:17,2
226,2,4,technology,yellow,"appear to have the proper understanding, but waiting on documents",yellow,2022-02-28 11:37:41,2022-02-28 11:37:41,2
227,2,4,scope,green,scope discussions with sponsor and we are now approved with new scope expectations,yellow,2022-02-28 11:42:21,2022-02-28 11:42:21,1
228,2,2,overall,red,trouble again and we need to review for next steps,yellow,2022-02-28 12:27:27,2022-02-28 12:27:27,3
229,2,2,schedule,red,not good and need help,yellow,2022-02-28 12:27:51,2022-02-28 12:27:51,3
230,2,2,resources,red,support group still not able to provide the people to help with work on the project.,red,2022-02-28 12:29:12,2022-02-28 12:29:12,3
231,2,37,overall,green,,,2022-03-01 11:23:08,2022-03-01 11:23:08,1
232,2,37,scope,green,,,2022-03-01 11:23:08,2022-03-01 11:23:08,1
233,2,37,budget,green,,,2022-03-01 11:23:08,2022-03-01 11:23:08,1
234,2,37,schedule,green,,,2022-03-01 11:23:08,2022-03-01 11:23:08,1
235,36,38,overall,green,,,2022-03-04 09:57:09,2022-03-04 09:57:09,1
236,36,38,scope,green,,,2022-03-04 09:57:09,2022-03-04 09:57:09,1
237,36,38,budget,green,,,2022-03-04 09:57:09,2022-03-04 09:57:09,1
238,36,38,schedule,green,,,2022-03-04 09:57:09,2022-03-04 09:57:09,1
239,49,39,overall,green,,,2022-03-07 08:04:12,2022-03-07 08:04:12,1
240,49,39,scope,green,,,2022-03-07 08:04:12,2022-03-07 08:04:12,1
241,49,39,budget,green,,,2022-03-07 08:04:12,2022-03-07 08:04:12,1
242,49,39,schedule,green,,,2022-03-07 08:04:12,2022-03-07 08:04:12,1
243,49,40,overall,green,,,2022-03-07 08:12:38,2022-03-07 08:12:38,1
244,49,40,scope,green,,,2022-03-07 08:12:38,2022-03-07 08:12:38,1
245,49,40,budget,green,,,2022-03-07 08:12:38,2022-03-07 08:12:38,1
246,49,40,schedule,green,,,2022-03-07 08:12:38,2022-03-07 08:12:38,1
247,49,41,overall,green,,,2022-03-07 08:19:22,2022-03-07 08:19:22,1
248,49,41,scope,green,,,2022-03-07 08:19:22,2022-03-07 08:19:22,1
249,49,41,budget,green,,,2022-03-07 08:19:22,2022-03-07 08:19:22,1
250,49,41,schedule,green,,,2022-03-07 08:19:22,2022-03-07 08:19:22,1
251,49,42,overall,green,,,2022-03-07 08:21:17,2022-03-07 08:21:17,1
252,49,42,scope,green,,,2022-03-07 08:21:17,2022-03-07 08:21:17,1
253,49,42,budget,green,,,2022-03-07 08:21:17,2022-03-07 08:21:17,1
254,49,42,schedule,green,,,2022-03-07 08:21:17,2022-03-07 08:21:17,1
255,49,43,overall,green,,,2022-03-07 08:23:35,2022-03-07 08:23:35,1
256,49,43,scope,green,,,2022-03-07 08:23:35,2022-03-07 08:23:35,1
257,49,43,budget,green,,,2022-03-07 08:23:35,2022-03-07 08:23:35,1
258,49,43,schedule,green,,,2022-03-07 08:23:35,2022-03-07 08:23:35,1
259,49,44,overall,green,,,2022-03-07 08:26:38,2022-03-07 08:26:38,1
260,49,44,scope,green,,,2022-03-07 08:26:38,2022-03-07 08:26:38,1
261,49,44,budget,green,,,2022-03-07 08:26:38,2022-03-07 08:26:38,1
262,49,44,schedule,green,,,2022-03-07 08:26:38,2022-03-07 08:26:38,1
263,49,45,overall,green,,,2022-03-07 08:28:08,2022-03-07 08:28:08,1
264,49,45,scope,green,,,2022-03-07 08:28:08,2022-03-07 08:28:08,1
265,49,45,budget,green,,,2022-03-07 08:28:08,2022-03-07 08:28:08,1
266,49,45,schedule,green,,,2022-03-07 08:28:08,2022-03-07 08:28:08,1
267,49,46,overall,green,,,2022-03-07 08:29:47,2022-03-07 08:29:47,1
268,49,46,scope,green,,,2022-03-07 08:29:47,2022-03-07 08:29:47,1
269,49,46,budget,green,,,2022-03-07 08:29:47,2022-03-07 08:29:47,1
270,49,46,schedule,green,,,2022-03-07 08:29:47,2022-03-07 08:29:47,1
271,49,47,overall,green,,,2022-03-07 08:35:06,2022-03-07 08:35:06,1
272,49,47,scope,green,,,2022-03-07 08:35:06,2022-03-07 08:35:06,1
273,49,47,budget,green,,,2022-03-07 08:35:06,2022-03-07 08:35:06,1
274,49,47,schedule,green,,,2022-03-07 08:35:06,2022-03-07 08:35:06,1
275,49,48,overall,green,,,2022-03-07 08:39:21,2022-03-07 08:39:21,1
276,49,48,scope,green,,,2022-03-07 08:39:21,2022-03-07 08:39:21,1
277,49,48,budget,green,,,2022-03-07 08:39:21,2022-03-07 08:39:21,1
278,49,48,schedule,green,,,2022-03-07 08:39:21,2022-03-07 08:39:21,1
279,49,49,overall,green,,,2022-03-07 08:42:14,2022-03-07 08:42:14,1
280,49,49,scope,green,,,2022-03-07 08:42:14,2022-03-07 08:42:14,1
281,49,49,budget,green,,,2022-03-07 08:42:14,2022-03-07 08:42:14,1
282,49,49,schedule,green,,,2022-03-07 08:42:14,2022-03-07 08:42:14,1
283,49,50,overall,green,,,2022-03-07 08:43:54,2022-03-07 08:43:54,1
284,49,50,scope,green,,,2022-03-07 08:43:54,2022-03-07 08:43:54,1
285,49,50,budget,green,,,2022-03-07 08:43:54,2022-03-07 08:43:54,1
286,49,50,schedule,green,,,2022-03-07 08:43:54,2022-03-07 08:43:54,1
287,49,51,overall,green,,,2022-03-07 08:45:29,2022-03-07 08:45:29,1
288,49,51,scope,green,,,2022-03-07 08:45:29,2022-03-07 08:45:29,1
289,49,51,budget,green,,,2022-03-07 08:45:29,2022-03-07 08:45:29,1
290,49,51,schedule,green,,,2022-03-07 08:45:29,2022-03-07 08:45:29,1
291,49,52,overall,green,,,2022-03-07 08:50:06,2022-03-07 08:50:06,1
292,49,52,scope,green,,,2022-03-07 08:50:06,2022-03-07 08:50:06,1
293,49,52,budget,green,,,2022-03-07 08:50:06,2022-03-07 08:50:06,1
294,49,52,schedule,green,,,2022-03-07 08:50:06,2022-03-07 08:50:06,1
295,49,53,overall,green,,,2022-03-07 08:51:27,2022-03-07 08:51:27,1
296,49,53,scope,green,,,2022-03-07 08:51:27,2022-03-07 08:51:27,1
297,49,53,budget,green,,,2022-03-07 08:51:27,2022-03-07 08:51:27,1
298,49,53,schedule,green,,,2022-03-07 08:51:27,2022-03-07 08:51:27,1
299,49,54,overall,green,,,2022-03-07 08:52:43,2022-03-07 08:52:43,1
300,49,54,scope,green,,,2022-03-07 08:52:43,2022-03-07 08:52:43,1
301,49,54,budget,green,,,2022-03-07 08:52:43,2022-03-07 08:52:43,1
302,49,54,schedule,green,,,2022-03-07 08:52:43,2022-03-07 08:52:43,1
303,49,55,overall,green,,,2022-03-07 08:56:23,2022-03-07 08:56:23,1
304,49,55,scope,green,,,2022-03-07 08:56:23,2022-03-07 08:56:23,1
305,49,55,budget,green,,,2022-03-07 08:56:23,2022-03-07 08:56:23,1
306,49,55,schedule,green,,,2022-03-07 08:56:23,2022-03-07 08:56:23,1
307,2,4,overall,yellow,"We are expecting the security on the data may be an issue, so our quality and benefits may be at issue",green,2022-03-09 04:20:52,2022-03-09 04:20:52,2
308,2,4,scope,yellow,we have potential security issues on the data to investigate,green,2022-03-09 04:21:40,2022-03-09 04:21:40,2
309,2,4,other,yellow,need to review situation of latest industry standards for data security. Our benefits/quality may be at stake,green,2022-03-09 04:22:47,2022-03-09 04:22:47,2
310,6,12,risk,yellow,get it done,,2022-03-12 07:34:48,2022-03-12 07:34:48,2
311,52,56,overall,green,,,2022-03-12 12:47:46,2022-03-12 12:47:46,1
312,52,56,scope,green,,,2022-03-12 12:47:46,2022-03-12 12:47:46,1
313,52,56,budget,green,,,2022-03-12 12:47:46,2022-03-12 12:47:46,1
314,52,56,schedule,green,,,2022-03-12 12:47:46,2022-03-12 12:47:46,1
315,52,57,overall,green,,,2022-03-12 13:30:09,2022-03-12 13:30:09,1
316,52,57,scope,green,,,2022-03-12 13:30:09,2022-03-12 13:30:09,1
317,52,57,budget,green,,,2022-03-12 13:30:09,2022-03-12 13:30:09,1
318,52,57,schedule,green,,,2022-03-12 13:30:09,2022-03-12 13:30:09,1
319,52,58,overall,green,,,2022-03-12 13:46:27,2022-03-12 13:46:27,1
320,52,58,scope,green,,,2022-03-12 13:46:27,2022-03-12 13:46:27,1
321,52,58,budget,green,,,2022-03-12 13:46:27,2022-03-12 13:46:27,1
322,52,58,schedule,green,,,2022-03-12 13:46:28,2022-03-12 13:46:28,1
323,52,59,overall,green,,,2022-03-12 13:47:22,2022-03-12 13:47:22,1
324,52,59,scope,green,,,2022-03-12 13:47:22,2022-03-12 13:47:22,1
325,52,59,budget,green,,,2022-03-12 13:47:22,2022-03-12 13:47:22,1
326,52,59,schedule,green,,,2022-03-12 13:47:22,2022-03-12 13:47:22,1
327,52,60,overall,green,,,2022-03-12 13:48:25,2022-03-12 13:48:25,1
328,52,60,scope,green,,,2022-03-12 13:48:25,2022-03-12 13:48:25,1
329,52,60,budget,green,,,2022-03-12 13:48:25,2022-03-12 13:48:25,1
330,52,60,schedule,green,,,2022-03-12 13:48:25,2022-03-12 13:48:25,1
331,52,61,overall,green,,,2022-03-12 13:49:10,2022-03-12 13:49:10,1
332,52,61,scope,green,,,2022-03-12 13:49:10,2022-03-12 13:49:10,1
333,52,61,budget,green,,,2022-03-12 13:49:10,2022-03-12 13:49:10,1
334,52,61,schedule,green,,,2022-03-12 13:49:10,2022-03-12 13:49:10,1
335,52,62,overall,green,,,2022-03-12 13:51:12,2022-03-12 13:51:12,1
336,52,62,scope,green,,,2022-03-12 13:51:12,2022-03-12 13:51:12,1
337,52,62,budget,green,,,2022-03-12 13:51:12,2022-03-12 13:51:12,1
338,52,62,schedule,green,,,2022-03-12 13:51:12,2022-03-12 13:51:12,1
339,52,63,overall,green,,,2022-03-12 13:52:08,2022-03-12 13:52:08,1
340,52,63,scope,green,,,2022-03-12 13:52:08,2022-03-12 13:52:08,1
341,52,63,budget,green,,,2022-03-12 13:52:08,2022-03-12 13:52:08,1
342,52,63,schedule,green,,,2022-03-12 13:52:08,2022-03-12 13:52:08,1
343,52,56,scope,yellow,xxxxxxxxxxxxxxxxxxxxxxxxxxxxxx,green,2022-03-14 06:26:38,2022-03-14 06:26:38,2
344,52,56,other,yellow,xxxxxxxxxxxxxxxxxxx,,2022-03-14 06:47:03,2022-03-14 06:47:03,2
345,56,64,overall,green,,,2022-03-14 10:04:24,2022-03-14 10:04:24,1
346,56,64,scope,green,,,2022-03-14 10:04:24,2022-03-14 10:04:24,1
347,56,64,budget,green,,,2022-03-14 10:04:24,2022-03-14 10:04:24,1
348,56,64,schedule,green,,,2022-03-14 10:04:24,2022-03-14 10:04:24,1
349,56,65,overall,green,,,2022-03-14 11:14:33,2022-03-14 11:14:33,1
350,56,65,scope,green,,,2022-03-14 11:14:33,2022-03-14 11:14:33,1
351,56,65,budget,green,,,2022-03-14 11:14:33,2022-03-14 11:14:33,1
352,56,65,schedule,green,,,2022-03-14 11:14:33,2022-03-14 11:14:33,1
353,2,4,quality,red,Sponsor sees difficulty with the reduction in value,,2022-03-14 16:11:26,2022-03-14 16:11:26,3
354,2,4,quality,red,still haven't had time to revisit,red,2022-03-14 16:11:52,2022-03-14 16:11:52,3
355,56,66,overall,green,,,2022-03-15 04:15:38,2022-03-15 04:15:38,1
356,56,66,scope,green,,,2022-03-15 04:15:38,2022-03-15 04:15:38,1
357,56,66,budget,green,,,2022-03-15 04:15:38,2022-03-15 04:15:38,1
358,56,66,schedule,green,,,2022-03-15 04:15:38,2022-03-15 04:15:38,1
359,56,67,overall,green,,,2022-03-15 04:24:40,2022-03-15 04:24:40,1
360,56,67,scope,green,,,2022-03-15 04:24:40,2022-03-15 04:24:40,1
361,56,67,budget,green,,,2022-03-15 04:24:40,2022-03-15 04:24:40,1
362,56,67,schedule,green,,,2022-03-15 04:24:41,2022-03-15 04:24:41,1
363,56,68,overall,green,,,2022-03-15 04:26:19,2022-03-15 04:26:19,1
364,56,68,scope,green,,,2022-03-15 04:26:19,2022-03-15 04:26:19,1
365,56,68,budget,green,,,2022-03-15 04:26:19,2022-03-15 04:26:19,1
366,56,68,schedule,green,,,2022-03-15 04:26:19,2022-03-15 04:26:19,1
367,2,2,overall,yellow,have a plan,red,2022-03-15 12:00:10,2022-03-15 12:00:10,2
368,2,2,resources,yellow,we have met with director and have a plan,red,2022-03-15 12:01:03,2022-03-15 12:01:03,2
369,2,2,other,green,,,2022-03-15 12:16:47,2022-03-15 12:16:47,1
370,2,2,other,green,all good,green,2022-03-15 12:16:59,2022-03-15 12:16:59,1
371,35,69,overall,green,,,2022-03-15 12:43:13,2022-03-15 12:43:13,1
372,35,69,scope,green,,,2022-03-15 12:43:13,2022-03-15 12:43:13,1
373,35,69,budget,green,,,2022-03-15 12:43:13,2022-03-15 12:43:13,1
374,35,69,schedule,green,,,2022-03-15 12:43:13,2022-03-15 12:43:13,1
375,35,70,overall,green,,,2022-03-15 13:05:45,2022-03-15 13:05:45,1
376,35,70,scope,green,,,2022-03-15 13:05:45,2022-03-15 13:05:45,1
377,35,70,budget,green,,,2022-03-15 13:05:45,2022-03-15 13:05:45,1
378,35,70,schedule,green,,,2022-03-15 13:05:45,2022-03-15 13:05:45,1
379,35,71,overall,green,,,2022-03-15 13:06:41,2022-03-15 13:06:41,1
380,35,71,scope,green,,,2022-03-15 13:06:41,2022-03-15 13:06:41,1
381,35,71,budget,green,,,2022-03-15 13:06:41,2022-03-15 13:06:41,1
382,35,71,schedule,green,,,2022-03-15 13:06:41,2022-03-15 13:06:41,1
383,57,72,overall,green,,,2022-03-16 00:47:19,2022-03-16 00:47:19,1
384,57,72,scope,green,,,2022-03-16 00:47:19,2022-03-16 00:47:19,1
385,57,72,budget,green,,,2022-03-16 00:47:19,2022-03-16 00:47:19,1
386,57,72,schedule,green,,,2022-03-16 00:47:19,2022-03-16 00:47:19,1
387,56,73,overall,green,,,2022-03-16 06:10:17,2022-03-16 06:10:17,1
388,56,73,scope,green,,,2022-03-16 06:10:17,2022-03-16 06:10:17,1
389,56,73,budget,green,,,2022-03-16 06:10:17,2022-03-16 06:10:17,1
390,56,73,schedule,green,,,2022-03-16 06:10:17,2022-03-16 06:10:17,1
391,56,74,overall,green,,,2022-03-16 06:22:45,2022-03-16 06:22:45,1
392,56,74,scope,green,,,2022-03-16 06:22:45,2022-03-16 06:22:45,1
393,56,74,budget,green,,,2022-03-16 06:22:45,2022-03-16 06:22:45,1
394,56,74,schedule,green,,,2022-03-16 06:22:45,2022-03-16 06:22:45,1
395,35,69,overall,yellow,Having some scheduling issues but have plan to recover,green,2022-03-17 10:54:13,2022-03-17 10:54:13,2
396,35,69,schedule,yellow,working on revisiting schedule for next sprint 2,green,2022-03-17 10:54:43,2022-03-17 10:54:43,2
397,65,75,overall,green,,,2022-03-18 08:43:42,2022-03-18 08:43:42,1
398,65,75,scope,green,,,2022-03-18 08:43:42,2022-03-18 08:43:42,1
399,65,75,budget,green,,,2022-03-18 08:43:42,2022-03-18 08:43:42,1
400,65,75,schedule,green,,,2022-03-18 08:43:42,2022-03-18 08:43:42,1
401,9,76,overall,green,,,2022-03-18 12:46:42,2022-03-18 12:46:42,1
402,9,76,scope,green,,,2022-03-18 12:46:42,2022-03-18 12:46:42,1
403,9,76,budget,green,,,2022-03-18 12:46:42,2022-03-18 12:46:42,1
404,9,76,schedule,green,,,2022-03-18 12:46:42,2022-03-18 12:46:42,1
405,35,70,overall,yellow,some issues but we have a plan,green,2022-03-21 04:47:25,2022-03-21 04:47:25,2
406,35,70,scope,yellow,some scope reduction required to fit the schedule. need to approval from sponsor,green,2022-03-21 04:48:33,2022-03-21 04:48:33,2
407,35,71,overall,green,all good,green,2022-03-21 04:53:02,2022-03-21 04:53:02,1
408,2,1,overall,red,trouble with resources,green,2022-03-21 10:58:33,2022-03-21 10:58:33,3
409,2,1,budget,yellow,,red,2022-03-21 10:59:06,2022-03-21 10:59:06,2
410,2,1,resources,red,,green,2022-03-21 10:59:17,2022-03-21 10:59:17,3
411,2,1,technology,green,,red,2022-03-21 10:59:25,2022-03-21 10:59:25,1
412,18,77,overall,green,,,2022-03-21 15:48:18,2022-03-21 15:48:18,1
413,18,77,scope,green,,,2022-03-21 15:48:18,2022-03-21 15:48:18,1
414,18,77,budget,green,,,2022-03-21 15:48:18,2022-03-21 15:48:18,1
415,18,77,schedule,green,,,2022-03-21 15:48:18,2022-03-21 15:48:18,1
416,52,60,overall,yellow,some issues to sched need to be ironed out,green,2022-03-24 07:55:12,2022-03-24 07:55:12,2
417,52,60,schedule,yellow,new plan coming,green,2022-03-24 07:55:25,2022-03-24 07:55:25,2
418,2,2,overall,green,back on plan,yellow,2022-03-24 09:27:39,2022-03-24 09:27:39,1
419,2,2,schedule,yellow,"just not sure yet, it it is tracking better",red,2022-03-24 09:28:15,2022-03-24 09:28:15,2
420,6,78,overall,green,,,2022-03-26 11:51:53,2022-03-26 11:51:53,1
421,6,78,scope,green,,,2022-03-26 11:51:53,2022-03-26 11:51:53,1
422,6,78,budget,green,,,2022-03-26 11:51:53,2022-03-26 11:51:53,1
423,6,78,schedule,green,,,2022-03-26 11:51:53,2022-03-26 11:51:53,1
424,6,79,overall,green,,,2022-03-26 12:11:27,2022-03-26 12:11:27,1
425,6,79,scope,green,,,2022-03-26 12:11:27,2022-03-26 12:11:27,1
426,6,79,budget,green,,,2022-03-26 12:11:27,2022-03-26 12:11:27,1
427,6,79,schedule,green,,,2022-03-26 12:11:27,2022-03-26 12:11:27,1
428,6,80,overall,green,,,2022-03-26 12:15:02,2022-03-26 12:15:02,1
429,6,80,scope,green,,,2022-03-26 12:15:02,2022-03-26 12:15:02,1
430,6,80,budget,green,,,2022-03-26 12:15:02,2022-03-26 12:15:02,1
431,6,80,schedule,green,,,2022-03-26 12:15:02,2022-03-26 12:15:02,1
432,6,81,overall,green,,,2022-03-26 12:42:27,2022-03-26 12:42:27,1
433,6,81,scope,green,,,2022-03-26 12:42:27,2022-03-26 12:42:27,1
434,6,81,budget,green,,,2022-03-26 12:42:27,2022-03-26 12:42:27,1
435,6,81,schedule,green,,,2022-03-26 12:42:27,2022-03-26 12:42:27,1
436,6,78,overall,red,,green,2022-03-26 15:52:07,2022-03-26 15:52:07,3
437,56,82,overall,green,,,2022-03-29 09:59:10,2022-03-29 09:59:10,1
438,56,82,scope,green,,,2022-03-29 09:59:10,2022-03-29 09:59:10,1
439,56,82,budget,green,,,2022-03-29 09:59:10,2022-03-29 09:59:10,1
440,56,82,schedule,green,,,2022-03-29 09:59:10,2022-03-29 09:59:10,1
441,56,83,overall,green,,,2022-03-29 10:06:36,2022-03-29 10:06:36,1
442,56,83,scope,green,,,2022-03-29 10:06:36,2022-03-29 10:06:36,1
443,56,83,budget,green,,,2022-03-29 10:06:36,2022-03-29 10:06:36,1
444,56,83,schedule,green,,,2022-03-29 10:06:36,2022-03-29 10:06:36,1
445,2,84,overall,green,,,2022-03-29 15:17:53,2022-03-29 15:17:53,1
446,2,84,scope,green,,,2022-03-29 15:17:53,2022-03-29 15:17:53,1
447,2,84,budget,green,,,2022-03-29 15:17:53,2022-03-29 15:17:53,1
448,2,84,schedule,green,,,2022-03-29 15:17:53,2022-03-29 15:17:53,1
449,2,85,overall,green,,,2022-03-29 15:31:26,2022-03-29 15:31:26,1
450,2,85,scope,green,,,2022-03-29 15:31:26,2022-03-29 15:31:26,1
451,2,85,budget,green,,,2022-03-29 15:31:26,2022-03-29 15:31:26,1
452,2,85,schedule,green,,,2022-03-29 15:31:26,2022-03-29 15:31:26,1
453,2,86,overall,green,,,2022-03-29 16:10:50,2022-03-29 16:10:50,1
454,2,86,scope,green,,,2022-03-29 16:10:50,2022-03-29 16:10:50,1
455,2,86,budget,green,,,2022-03-29 16:10:50,2022-03-29 16:10:50,1
456,2,86,schedule,green,,,2022-03-29 16:10:50,2022-03-29 16:10:50,1
457,35,70,overall,red,,yellow,2022-03-30 02:37:56,2022-03-30 02:37:56,3
458,35,70,schedule,red,,green,2022-03-30 02:38:03,2022-03-30 02:38:03,3
459,2,87,overall,green,,,2022-03-30 14:45:33,2022-03-30 14:45:33,1
460,2,87,scope,green,,,2022-03-30 14:45:33,2022-03-30 14:45:33,1
461,2,87,budget,green,,,2022-03-30 14:45:33,2022-03-30 14:45:33,1
462,2,87,schedule,green,,,2022-03-30 14:45:33,2022-03-30 14:45:33,1
463,2,88,overall,green,,,2022-03-30 15:23:22,2022-03-30 15:23:22,1
464,2,88,scope,green,,,2022-03-30 15:23:22,2022-03-30 15:23:22,1
465,2,88,budget,green,,,2022-03-30 15:23:22,2022-03-30 15:23:22,1
466,2,88,schedule,green,,,2022-03-30 15:23:22,2022-03-30 15:23:22,1
467,2,89,overall,green,,,2022-03-30 15:39:07,2022-03-30 15:39:07,1
468,2,89,scope,green,,,2022-03-30 15:39:07,2022-03-30 15:39:07,1
469,2,89,budget,green,,,2022-03-30 15:39:07,2022-03-30 15:39:07,1
470,2,89,schedule,green,,,2022-03-30 15:39:07,2022-03-30 15:39:07,1
471,2,90,overall,green,,,2022-03-31 05:06:40,2022-03-31 05:06:40,1
472,2,90,scope,green,,,2022-03-31 05:06:40,2022-03-31 05:06:40,1
473,2,90,budget,green,,,2022-03-31 05:06:40,2022-03-31 05:06:40,1
474,2,90,schedule,green,,,2022-03-31 05:06:40,2022-03-31 05:06:40,1
475,55,91,overall,green,,,2022-03-31 06:39:34,2022-03-31 06:39:34,1
476,55,91,scope,green,,,2022-03-31 06:39:34,2022-03-31 06:39:34,1
477,55,91,budget,green,,,2022-03-31 06:39:34,2022-03-31 06:39:34,1
478,55,91,schedule,green,,,2022-03-31 06:39:34,2022-03-31 06:39:34,1
479,6,12,overall,yellow,this is a great big testaroo,green,2022-03-31 15:58:26,2022-03-31 15:58:26,2
480,6,12,overall,red,testeroo 2,yellow,2022-03-31 15:59:02,2022-03-31 15:59:02,3
481,6,12,overall,yellow,i am really wanting to know how much space five hundred characters will show on this screen and how it will ipmct the history. it may be interesting to note that i may want to go back and add some more detils. am i getting tlcose to five huncred chars yet. it sure feels like it at eight oclock in the evening. maybee there really isnt alimit and this goes on and og and i can keepi typing howeer it will only show the first 500 whererver that is sha,red,2022-03-31 16:01:47,2022-03-31 16:01:47,2
482,6,12,scope,yellow,yadda,green,2022-03-31 16:05:15,2022-03-31 16:05:15,2
483,6,12,quality,red,yya,,2022-03-31 16:37:23,2022-03-31 16:37:23,3
484,6,92,overall,green,,,2022-04-01 13:23:44,2022-04-01 13:23:44,1
485,6,92,scope,green,,,2022-04-01 13:23:44,2022-04-01 13:23:44,1
486,6,92,budget,green,,,2022-04-01 13:23:44,2022-04-01 13:23:44,1
487,6,92,schedule,green,,,2022-04-01 13:23:44,2022-04-01 13:23:44,1
488,6,93,overall,green,,,2022-04-01 13:24:24,2022-04-01 13:24:24,1
489,6,93,scope,green,,,2022-04-01 13:24:24,2022-04-01 13:24:24,1
490,6,93,budget,green,,,2022-04-01 13:24:24,2022-04-01 13:24:24,1
491,6,93,schedule,green,,,2022-04-01 13:24:24,2022-04-01 13:24:24,1
492,6,94,overall,green,,,2022-04-01 15:24:20,2022-04-01 15:24:20,1
493,6,94,scope,green,,,2022-04-01 15:24:20,2022-04-01 15:24:20,1
494,6,94,budget,green,,,2022-04-01 15:24:20,2022-04-01 15:24:20,1
495,6,94,schedule,green,,,2022-04-01 15:24:20,2022-04-01 15:24:20,1
496,18,95,overall,green,,,2022-04-02 14:24:06,2022-04-02 14:24:06,1
497,18,95,scope,green,,,2022-04-02 14:24:06,2022-04-02 14:24:06,1
498,18,95,budget,green,,,2022-04-02 14:24:06,2022-04-02 14:24:06,1
499,18,95,schedule,green,,,2022-04-02 14:24:06,2022-04-02 14:24:06,1
500,18,96,overall,green,,,2022-04-02 15:44:43,2022-04-02 15:44:43,1
501,18,96,scope,green,,,2022-04-02 15:44:43,2022-04-02 15:44:43,1
502,18,96,budget,green,,,2022-04-02 15:44:43,2022-04-02 15:44:43,1
503,18,96,schedule,green,,,2022-04-02 15:44:43,2022-04-02 15:44:43,1
504,9,97,overall,green,,,2022-04-05 13:19:53,2022-04-05 13:19:53,1
505,9,97,scope,green,,,2022-04-05 13:19:53,2022-04-05 13:19:53,1
506,9,97,budget,green,,,2022-04-05 13:19:53,2022-04-05 13:19:53,1
507,9,97,schedule,green,,,2022-04-05 13:19:53,2022-04-05 13:19:53,1
508,18,98,overall,green,,,2022-04-12 07:25:49,2022-04-12 07:25:49,1
509,18,98,scope,green,,,2022-04-12 07:25:49,2022-04-12 07:25:49,1
510,18,98,budget,green,,,2022-04-12 07:25:49,2022-04-12 07:25:49,1
511,18,98,schedule,green,,,2022-04-12 07:25:49,2022-04-12 07:25:49,1
512,56,83,overall,green,,green,2022-04-26 04:18:16,2022-04-26 04:18:16,1
513,56,83,scope,green,,green,2022-04-26 04:18:25,2022-04-26 04:18:25,1
514,56,83,schedule,yellow,,green,2022-04-26 04:18:31,2022-04-26 04:18:31,2
515,56,83,budget,green,,green,2022-04-26 04:18:37,2022-04-26 04:18:37,1
516,56,83,quality,green,,,2022-04-26 04:18:52,2022-04-26 04:18:52,1
517,56,83,resources,green,,,2022-04-26 04:18:59,2022-04-26 04:18:59,1
518,56,83,risk,yellow,,,2022-04-26 04:19:04,2022-04-26 04:19:04,2
519,56,83,technology,green,,,2022-04-26 04:19:09,2022-04-26 04:19:09,1
520,56,83,communication,yellow,,,2022-04-26 04:19:14,2022-04-26 04:19:14,2
521,56,83,procurement,green,,,2022-04-26 04:19:20,2022-04-26 04:19:20,1
522,56,82,overall,yellow,Still only a letter of intent from the school board,green,2022-04-26 04:31:27,2022-04-26 04:31:27,2
523,56,82,scope,green,,green,2022-04-26 04:31:35,2022-04-26 04:31:35,1
524,56,82,schedule,yellow,,green,2022-04-26 04:31:40,2022-04-26 04:31:40,2
525,56,82,budget,green,,green,2022-04-26 04:31:46,2022-04-26 04:31:46,1
526,56,82,risk,yellow,,,2022-04-26 04:31:56,2022-04-26 04:31:56,2
527,56,82,communication,yellow,,,2022-04-26 04:32:01,2022-04-26 04:32:01,2
528,56,82,procurement,yellow,,,2022-04-26 04:32:07,2022-04-26 04:32:07,2
529,30,99,overall,green,,,2022-04-29 05:45:00,2022-04-29 05:45:00,1
530,30,99,scope,green,,,2022-04-29 05:45:00,2022-04-29 05:45:00,1
531,30,99,budget,green,,,2022-04-29 05:45:00,2022-04-29 05:45:00,1
532,30,99,schedule,green,,,2022-04-29 05:45:00,2022-04-29 05:45:00,1
533,71,100,overall,green,,,2022-05-11 05:00:10,2022-05-11 05:00:10,1
534,71,100,scope,green,,,2022-05-11 05:00:10,2022-05-11 05:00:10,1
535,71,100,budget,green,,,2022-05-11 05:00:10,2022-05-11 05:00:10,1
536,71,100,schedule,green,,,2022-05-11 05:00:10,2022-05-11 05:00:10,1
537,72,101,overall,green,,,2022-05-11 06:11:41,2022-05-11 06:11:41,1
538,72,101,scope,green,,,2022-05-11 06:11:41,2022-05-11 06:11:41,1
539,72,101,budget,green,,,2022-05-11 06:11:41,2022-05-11 06:11:41,1
540,72,101,schedule,green,,,2022-05-11 06:11:41,2022-05-11 06:11:41,1
541,72,102,overall,green,,,2022-05-11 06:35:30,2022-05-11 06:35:30,1
542,72,102,scope,green,,,2022-05-11 06:35:30,2022-05-11 06:35:30,1
543,72,102,budget,green,,,2022-05-11 06:35:30,2022-05-11 06:35:30,1
544,72,102,schedule,green,,,2022-05-11 06:35:30,2022-05-11 06:35:30,1
545,2,103,overall,green,,,2022-05-11 07:25:52,2022-05-11 07:25:52,1
546,2,103,scope,green,,,2022-05-11 07:25:52,2022-05-11 07:25:52,1
547,2,103,budget,green,,,2022-05-11 07:25:52,2022-05-11 07:25:52,1
548,2,103,schedule,green,,,2022-05-11 07:25:52,2022-05-11 07:25:52,1
549,76,104,overall,green,,,2022-05-21 14:38:53,2022-05-21 14:38:53,1
550,76,104,scope,green,,,2022-05-21 14:38:53,2022-05-21 14:38:53,1
551,76,104,budget,green,,,2022-05-21 14:38:53,2022-05-21 14:38:53,1
552,76,104,schedule,green,,,2022-05-21 14:38:53,2022-05-21 14:38:53,1
553,6,105,overall,green,,,2022-06-01 15:38:34,2022-06-01 15:38:34,1
554,6,105,scope,green,,,2022-06-01 15:38:34,2022-06-01 15:38:34,1
555,6,105,budget,green,,,2022-06-01 15:38:34,2022-06-01 15:38:34,1
556,6,105,schedule,green,,,2022-06-01 15:38:34,2022-06-01 15:38:34,1
557,6,106,overall,green,,,2022-06-01 16:49:59,2022-06-01 16:49:59,1
558,6,106,scope,green,,,2022-06-01 16:49:59,2022-06-01 16:49:59,1
559,6,106,budget,green,,,2022-06-01 16:49:59,2022-06-01 16:49:59,1
560,6,106,schedule,green,,,2022-06-01 16:49:59,2022-06-01 16:49:59,1
561,80,107,overall,green,,,2022-06-10 07:13:19,2022-06-10 07:13:19,1
562,80,107,scope,green,,,2022-06-10 07:13:19,2022-06-10 07:13:19,1
563,80,107,budget,green,,,2022-06-10 07:13:19,2022-06-10 07:13:19,1
564,80,107,schedule,green,,,2022-06-10 07:13:19,2022-06-10 07:13:19,1
565,27,108,overall,green,,,2022-06-16 04:56:17,2022-06-16 04:56:17,1
566,27,108,scope,green,,,2022-06-16 04:56:17,2022-06-16 04:56:17,1
567,27,108,budget,green,,,2022-06-16 04:56:17,2022-06-16 04:56:17,1
568,27,108,schedule,green,,,2022-06-16 04:56:17,2022-06-16 04:56:17,1
569,84,109,overall,green,,,2022-06-17 06:52:54,2022-06-17 06:52:54,1
570,84,109,scope,green,,,2022-06-17 06:52:54,2022-06-17 06:52:54,1
571,84,109,budget,green,,,2022-06-17 06:52:54,2022-06-17 06:52:54,1
572,84,109,schedule,green,,,2022-06-17 06:52:54,2022-06-17 06:52:54,1
573,80,110,overall,green,,,2022-06-20 06:24:48,2022-06-20 06:24:48,1
574,80,110,scope,green,,,2022-06-20 06:24:48,2022-06-20 06:24:48,1
575,80,110,budget,green,,,2022-06-20 06:24:48,2022-06-20 06:24:48,1
576,80,110,schedule,green,,,2022-06-20 06:24:48,2022-06-20 06:24:48,1
577,80,111,overall,green,,,2022-06-20 06:45:47,2022-06-20 06:45:47,1
578,80,111,scope,green,,,2022-06-20 06:45:47,2022-06-20 06:45:47,1
579,80,111,budget,green,,,2022-06-20 06:45:47,2022-06-20 06:45:47,1
580,80,111,schedule,green,,,2022-06-20 06:45:47,2022-06-20 06:45:47,1
581,80,112,overall,green,,,2022-06-20 07:18:29,2022-06-20 07:18:29,1
582,80,112,scope,green,,,2022-06-20 07:18:29,2022-06-20 07:18:29,1
583,80,112,budget,green,,,2022-06-20 07:18:29,2022-06-20 07:18:29,1
584,80,112,schedule,green,,,2022-06-20 07:18:29,2022-06-20 07:18:29,1
585,85,113,overall,green,,,2022-06-21 05:03:28,2022-06-21 05:03:28,1
586,85,113,scope,green,,,2022-06-21 05:03:28,2022-06-21 05:03:28,1
587,85,113,budget,green,,,2022-06-21 05:03:28,2022-06-21 05:03:28,1
588,85,113,schedule,green,,,2022-06-21 05:03:28,2022-06-21 05:03:28,1
589,85,113,scope,yellow,,green,2022-06-21 05:13:52,2022-06-21 05:13:52,2
590,85,113,schedule,red,,green,2022-06-21 05:14:08,2022-06-21 05:14:08,3
591,80,114,overall,green,,,2022-07-14 06:46:17,2022-07-14 06:46:17,1
592,80,114,scope,green,,,2022-07-14 06:46:17,2022-07-14 06:46:17,1
593,80,114,budget,green,,,2022-07-14 06:46:17,2022-07-14 06:46:17,1
594,80,114,schedule,green,,,2022-07-14 06:46:17,2022-07-14 06:46:17,1
595,80,115,overall,green,,,2022-07-14 06:46:45,2022-07-14 06:46:45,1
596,80,115,scope,green,,,2022-07-14 06:46:45,2022-07-14 06:46:45,1
597,80,115,budget,green,,,2022-07-14 06:46:45,2022-07-14 06:46:45,1
598,80,115,schedule,green,,,2022-07-14 06:46:45,2022-07-14 06:46:45,1
599,2,116,overall,green,,,2022-07-14 07:54:25,2022-07-14 07:54:25,1
600,2,116,scope,green,,,2022-07-14 07:54:25,2022-07-14 07:54:25,1
601,2,116,budget,green,,,2022-07-14 07:54:25,2022-07-14 07:54:25,1
602,2,116,schedule,green,,,2022-07-14 07:54:25,2022-07-14 07:54:25,1
603,94,117,overall,green,,,2022-08-10 20:37:27,2022-08-10 20:37:27,1
604,94,117,scope,green,,,2022-08-10 20:37:27,2022-08-10 20:37:27,1
605,94,117,budget,green,,,2022-08-10 20:37:27,2022-08-10 20:37:27,1
606,94,117,schedule,green,,,2022-08-10 20:37:27,2022-08-10 20:37:27,1
607,95,118,overall,green,,,2022-08-23 11:06:58,2022-08-23 11:06:58,1
608,95,118,scope,green,,,2022-08-23 11:06:58,2022-08-23 11:06:58,1
609,95,118,budget,green,,,2022-08-23 11:06:58,2022-08-23 11:06:58,1
610,95,118,schedule,green,,,2022-08-23 11:06:58,2022-08-23 11:06:58,1
611,2,1,overall,yellow,we have the plan in place to get us back on track,red,2022-08-30 07:59:01,2022-08-30 07:59:01,2
612,2,1,schedule,green,we are executing on the plan and schedule now,red,2022-08-30 07:59:46,2022-08-30 07:59:46,1
613,2,1,budget,yellow,need to confirm the changes to the scope have not negatively impacted the budget,yellow,2022-08-30 08:00:30,2022-08-30 08:00:30,2
614,2,1,resources,yellow,we have meeting set with resource areas and should be moving to 'green' soon,red,2022-08-30 08:02:27,2022-08-30 08:02:27,2
615,2,1,other,yellow,meeting with the sponsor and the sales team to determine if the benefits are still available to us since we changed the scope,red,2022-08-30 08:03:24,2022-08-30 08:03:24,2
616,2,4,overall,red,Investigating latest information regarding technical changes to hardware that needs to be in training manual,yellow,2022-08-30 08:23:06,2022-08-30 08:23:06,3
617,2,119,overall,green,,,2022-09-01 12:06:46,2022-09-01 12:06:46,1
618,2,119,scope,green,,,2022-09-01 12:06:46,2022-09-01 12:06:46,1
619,2,119,budget,green,,,2022-09-01 12:06:46,2022-09-01 12:06:46,1
620,2,119,schedule,green,,,2022-09-01 12:06:46,2022-09-01 12:06:46,1
621,2,120,overall,green,,,2022-09-29 14:22:25,2022-09-29 14:22:25,1
622,2,120,scope,green,,,2022-09-29 14:22:25,2022-09-29 14:22:25,1
623,2,120,budget,green,,,2022-09-29 14:22:25,2022-09-29 14:22:25,1
624,2,120,schedule,green,,,2022-09-29 14:22:25,2022-09-29 14:22:25,1
625,2,121,overall,green,,,2022-09-29 15:14:47,2022-09-29 15:14:47,1
626,2,121,scope,green,,,2022-09-29 15:14:47,2022-09-29 15:14:47,1
627,2,121,budget,green,,,2022-09-29 15:14:47,2022-09-29 15:14:47,1
628,2,121,schedule,green,,,2022-09-29 15:14:47,2022-09-29 15:14:47,1
629,2,122,overall,green,,,2022-09-29 15:28:00,2022-09-29 15:28:00,1
630,2,122,scope,green,,,2022-09-29 15:28:00,2022-09-29 15:28:00,1
631,2,122,budget,green,,,2022-09-29 15:28:00,2022-09-29 15:28:00,1
632,2,122,schedule,green,,,2022-09-29 15:28:00,2022-09-29 15:28:00,1
633,2,123,overall,green,,,2022-10-04 15:20:27,2022-10-04 15:20:27,1
634,2,123,scope,green,,,2022-10-04 15:20:27,2022-10-04 15:20:27,1
635,2,123,budget,green,,,2022-10-04 15:20:27,2022-10-04 15:20:27,1
636,2,123,schedule,green,,,2022-10-04 15:20:27,2022-10-04 15:20:27,1
637,2,124,overall,green,,,2022-10-04 15:51:41,2022-10-04 15:51:41,1
638,2,124,scope,green,,,2022-10-04 15:51:41,2022-10-04 15:51:41,1
639,2,124,budget,green,,,2022-10-04 15:51:41,2022-10-04 15:51:41,1
640,2,124,schedule,green,,,2022-10-04 15:51:41,2022-10-04 15:51:41,1
641,2,125,overall,green,,,2022-10-04 16:51:36,2022-10-04 16:51:36,1
642,2,125,scope,green,,,2022-10-04 16:51:36,2022-10-04 16:51:36,1
643,2,125,budget,green,,,2022-10-04 16:51:36,2022-10-04 16:51:36,1
644,2,125,schedule,green,,,2022-10-04 16:51:36,2022-10-04 16:51:36,1
645,2,125,overall,yellow,We are having difficulty meeting with the executive to review the requirements and goals of this project,green,2022-10-21 08:39:55,2022-10-21 08:39:55,2
646,2,126,overall,green,,,2022-10-21 10:12:57,2022-10-21 10:12:57,1
647,2,126,scope,green,,,2022-10-21 10:12:57,2022-10-21 10:12:57,1
648,2,126,budget,green,,,2022-10-21 10:12:57,2022-10-21 10:12:57,1
649,2,126,schedule,green,,,2022-10-21 10:12:57,2022-10-21 10:12:57,1
650,2,126,schedule,yellow,Not sure if our missing security system will have any impact at this time but we are working to see that it does not,green,2022-11-02 12:34:06,2022-11-02 12:34:06,2
651,2,126,overall,green,We are still all good with the schedule and plan,green,2022-11-02 12:34:45,2022-11-02 12:34:45,1
652,2,126,resources,green,need to ensure we keep the right people available as per the agreed plan. so far so good,,2022-11-02 12:35:33,2022-11-02 12:35:33,1
653,2,126,procurement,green,Procurement is critical to monitor throughout the project since we are depending on the availability of equipment to ensure we hit the due dates. We will continue to monitor.,,2022-11-02 12:37:08,2022-11-02 12:37:08,1
654,2,126,scope,green,,green,2022-11-02 12:54:30,2022-11-02 12:54:30,1
655,2,126,budget,yellow,Will be getting the results of the security system selection and see if it can fit within the contingency amount,green,2022-11-02 12:55:33,2022-11-02 12:55:33,2
656,2,127,overall,green,,,2022-11-08 12:20:10,2022-11-08 12:20:10,1
657,2,127,scope,green,,,2022-11-08 12:20:10,2022-11-08 12:20:10,1
658,2,127,budget,green,,,2022-11-08 12:20:10,2022-11-08 12:20:10,1
659,2,127,schedule,green,,,2022-11-08 12:20:10,2022-11-08 12:20:10,1
660,2,128,overall,green,,,2022-11-08 12:20:40,2022-11-08 12:20:40,1
661,2,128,scope,green,,,2022-11-08 12:20:40,2022-11-08 12:20:40,1
662,2,128,budget,green,,,2022-11-08 12:20:40,2022-11-08 12:20:40,1
663,2,128,schedule,green,,,2022-11-08 12:20:40,2022-11-08 12:20:40,1
664,2,129,overall,green,,,2022-11-08 12:21:12,2022-11-08 12:21:12,1
665,2,129,scope,green,,,2022-11-08 12:21:12,2022-11-08 12:21:12,1
666,2,129,budget,green,,,2022-11-08 12:21:12,2022-11-08 12:21:12,1
667,2,129,schedule,green,,,2022-11-08 12:21:12,2022-11-08 12:21:12,1
668,2,127,overall,yellow,Vendor pricing delayed,green,2022-11-08 13:01:24,2022-11-08 13:01:24,2
669,2,130,overall,green,,,2022-11-09 05:07:33,2022-11-09 05:07:33,1
670,2,130,scope,green,,,2022-11-09 05:07:33,2022-11-09 05:07:33,1
671,2,130,budget,green,,,2022-11-09 05:07:33,2022-11-09 05:07:33,1
672,2,130,schedule,green,,,2022-11-09 05:07:33,2022-11-09 05:07:33,1
673,2,126,overall,yellow,We have a plan in place that will accommodate the 2 weeks contingency we have from the start. We will monitor this.,green,2022-11-15 11:18:02,2022-11-15 11:18:02,2
674,2,126,resources,green,remains in control after last review of resources,green,2022-11-15 11:18:42,2022-11-15 11:18:42,1
675,2,126,procurement,green,The procurement of the required cabinets and fixtures is in process according to plan,green,2022-11-15 11:19:33,2022-11-15 11:19:33,1
676,2,126,scope,green,Scope changed due to additional security system but is steady now,green,2022-11-15 11:20:49,2022-11-15 11:20:49,1
677,2,125,overall,green,we are back on plan and schedule,yellow,2022-11-15 11:22:09,2022-11-15 11:22:09,1
678,2,125,scope,green,all good,green,2022-11-15 11:52:21,2022-11-15 11:52:21,1
679,2,125,schedule,green,schedule is being pressed but remains per plan,green,2022-11-15 11:52:55,2022-11-15 11:52:55,1
680,2,125,budget,green,good ... based on last months financials,green,2022-11-15 11:53:24,2022-11-15 11:53:24,1
681,2,126,overall,green,,yellow,2022-11-16 10:46:46,2022-11-16 10:46:46,1
682,2,125,overall,red,big problems in finding the staff for the opening. we need to meet to determine new staffing levels and hourly rates,green,2022-12-02 13:30:12,2022-12-02 13:30:12,3
683,7,131,overall,green,,,2023-01-27 07:56:33,2023-01-27 07:56:33,1
684,7,131,scope,green,,,2023-01-27 07:56:33,2023-01-27 07:56:33,1
685,7,131,budget,green,,,2023-01-27 07:56:33,2023-01-27 07:56:33,1
686,7,131,schedule,green,,,2023-01-27 07:56:33,2023-01-27 07:56:33,1
687,52,58,overall,yellow,issues with resources,green,2023-02-06 09:25:57,2023-02-06 09:25:57,2
688,2,132,overall,green,,,2023-02-09 07:26:40,2023-02-09 07:26:40,1
689,2,132,scope,green,,,2023-02-09 07:26:40,2023-02-09 07:26:40,1
690,2,132,budget,green,,,2023-02-09 07:26:40,2023-02-09 07:26:40,1
691,2,132,schedule,green,,,2023-02-09 07:26:40,2023-02-09 07:26:40,1
692,55,91,overall,yellow,issues,green,2023-02-09 07:53:34,2023-02-09 07:53:34,2
693,22,133,overall,green,,,2023-02-13 09:36:53,2023-02-13 09:36:53,1
694,22,133,scope,green,,,2023-02-13 09:36:53,2023-02-13 09:36:53,1
695,22,133,budget,green,,,2023-02-13 09:36:53,2023-02-13 09:36:53,1
696,22,133,schedule,green,,,2023-02-13 09:36:53,2023-02-13 09:36:53,1
697,22,133,overall,yellow,Having planning issues trying to get everyone into the same room to plan. Working on an agreed schedule,green,2023-02-13 09:48:47,2023-02-13 09:48:47,2
698,22,133,scope,green,,green,2023-02-13 09:49:05,2023-02-13 09:49:05,1
699,22,133,schedule,yellow,planning could go longer than anticipated,green,2023-02-13 09:49:25,2023-02-13 09:49:25,2
700,22,133,budget,green,,green,2023-02-13 09:49:36,2023-02-13 09:49:36,1
701,7,134,overall,green,,,2023-03-07 06:27:45,2023-03-07 06:27:45,1
702,7,134,scope,green,,,2023-03-07 06:27:45,2023-03-07 06:27:45,1
703,7,134,budget,green,,,2023-03-07 06:27:45,2023-03-07 06:27:45,1
704,7,134,schedule,green,,,2023-03-07 06:27:45,2023-03-07 06:27:45,1
705,2,126,overall,yellow,back to yellow because we are experiencing supply delays with the building material,green,2023-03-20 11:53:50,2023-03-20 11:53:50,2
706,2,126,schedule,red,this may need to change. we should meet,yellow,2023-03-20 11:54:37,2023-03-20 11:54:37,3
707,2,126,overall,green,,yellow,2023-03-21 06:54:35,2023-03-21 06:54:35,1
708,52,56,overall,green,,green,2023-03-23 06:11:26,2023-03-23 06:11:26,1
709,52,56,scope,red,still need to nail down scope,yellow,2023-03-23 06:11:50,2023-03-23 06:11:50,3
710,7,135,overall,green,,,2023-03-28 05:44:05,2023-03-28 05:44:05,1
711,7,135,scope,green,,,2023-03-28 05:44:05,2023-03-28 05:44:05,1
712,7,135,budget,green,,,2023-03-28 05:44:05,2023-03-28 05:44:05,1
713,7,135,schedule,green,,,2023-03-28 05:44:05,2023-03-28 05:44:05,1
718,2,137,overall,green,,,2023-03-28 06:27:49,2023-03-28 06:27:49,1
719,2,137,scope,green,,,2023-03-28 06:27:49,2023-03-28 06:27:49,1
720,2,137,budget,green,,,2023-03-28 06:27:49,2023-03-28 06:27:49,1
721,2,137,schedule,green,,,2023-03-28 06:27:49,2023-03-28 06:27:49,1
722,2,138,overall,green,,,2023-03-28 08:34:07,2023-03-28 08:34:07,1
723,2,138,scope,green,,,2023-03-28 08:34:07,2023-03-28 08:34:07,1
724,2,138,budget,green,,,2023-03-28 08:34:07,2023-03-28 08:34:07,1
725,2,138,schedule,green,,,2023-03-28 08:34:07,2023-03-28 08:34:07,1
726,2,139,overall,green,,,2023-03-28 09:02:54,2023-03-28 09:02:54,1
727,2,139,scope,green,,,2023-03-28 09:02:54,2023-03-28 09:02:54,1
728,2,139,budget,green,,,2023-03-28 09:02:54,2023-03-28 09:02:54,1
729,2,139,schedule,green,,,2023-03-28 09:02:54,2023-03-28 09:02:54,1
734,2,141,overall,green,,,2023-03-31 10:13:14,2023-03-31 10:13:14,1
735,2,141,scope,green,,,2023-03-31 10:13:14,2023-03-31 10:13:14,1
736,2,141,budget,green,,,2023-03-31 10:13:14,2023-03-31 10:13:14,1
737,2,141,schedule,green,,,2023-03-31 10:13:14,2023-03-31 10:13:14,1
770,2,150,overall,green,,,2023-04-10 07:33:22,2023-04-10 07:33:22,1
771,2,150,scope,green,,,2023-04-10 07:33:22,2023-04-10 07:33:22,1
772,2,150,budget,green,,,2023-04-10 07:33:22,2023-04-10 07:33:22,1
773,2,150,schedule,green,,,2023-04-10 07:33:22,2023-04-10 07:33:22,1
794,2,156,overall,green,,,2023-04-17 07:59:16,2023-04-17 07:59:16,1
795,2,156,scope,green,,,2023-04-17 07:59:16,2023-04-17 07:59:16,1
796,2,156,budget,green,,,2023-04-17 07:59:16,2023-04-17 07:59:16,1
797,2,156,schedule,green,,,2023-04-17 07:59:16,2023-04-17 07:59:16,1
810,2,160,overall,green,,,2023-04-17 08:13:46,2023-04-17 08:13:46,1
811,2,160,scope,green,,,2023-04-17 08:13:46,2023-04-17 08:13:46,1
812,2,160,budget,green,,,2023-04-17 08:13:46,2023-04-17 08:13:46,1
813,2,160,schedule,green,,,2023-04-17 08:13:46,2023-04-17 08:13:46,1
814,2,161,overall,green,,,2023-04-17 08:19:48,2023-04-17 08:19:48,1
815,2,161,scope,green,,,2023-04-17 08:19:48,2023-04-17 08:19:48,1
816,2,161,budget,green,,,2023-04-17 08:19:48,2023-04-17 08:19:48,1
817,2,161,schedule,green,,,2023-04-17 08:19:48,2023-04-17 08:19:48,1
818,2,162,overall,green,,,2023-04-17 08:27:11,2023-04-17 08:27:11,1
819,2,162,scope,green,,,2023-04-17 08:27:11,2023-04-17 08:27:11,1
820,2,162,budget,green,,,2023-04-17 08:27:11,2023-04-17 08:27:11,1
821,2,162,schedule,green,,,2023-04-17 08:27:11,2023-04-17 08:27:11,1
834,2,166,overall,green,,,2023-04-17 09:14:11,2023-04-17 09:14:11,1
835,2,166,scope,green,,,2023-04-17 09:14:11,2023-04-17 09:14:11,1
836,2,166,budget,green,,,2023-04-17 09:14:11,2023-04-17 09:14:11,1
837,2,166,schedule,green,,,2023-04-17 09:14:11,2023-04-17 09:14:11,1
838,2,167,overall,green,,,2023-04-17 09:27:18,2023-04-17 09:27:18,1
839,2,167,scope,green,,,2023-04-17 09:27:18,2023-04-17 09:27:18,1
840,2,167,budget,green,,,2023-04-17 09:27:18,2023-04-17 09:27:18,1
841,2,167,schedule,green,,,2023-04-17 09:27:18,2023-04-17 09:27:18,1
850,2,170,overall,green,,,2023-04-17 09:54:14,2023-04-17 09:54:14,1
851,2,170,scope,green,,,2023-04-17 09:54:14,2023-04-17 09:54:14,1
852,2,170,budget,green,,,2023-04-17 09:54:14,2023-04-17 09:54:14,1
853,2,170,schedule,green,,,2023-04-17 09:54:14,2023-04-17 09:54:14,1
854,2,126,risk,red,we have some rather high impact risks that continue to need to be managed,,2023-04-19 07:06:20,2023-04-19 07:06:20,3
855,2,171,overall,green,,,2023-04-20 11:43:42,2023-04-20 11:43:42,1
856,2,171,scope,green,,,2023-04-20 11:43:42,2023-04-20 11:43:42,1
857,2,171,budget,green,,,2023-04-20 11:43:42,2023-04-20 11:43:42,1
858,2,171,schedule,green,,,2023-04-20 11:43:42,2023-04-20 11:43:42,1
859,2,172,overall,green,,,2023-04-20 11:50:40,2023-04-20 11:50:40,1
860,2,172,scope,green,,,2023-04-20 11:50:40,2023-04-20 11:50:40,1
861,2,172,budget,green,,,2023-04-20 11:50:41,2023-04-20 11:50:41,1
862,2,172,schedule,green,,,2023-04-20 11:50:41,2023-04-20 11:50:41,1
863,2,173,overall,green,,,2023-04-20 12:18:59,2023-04-20 12:18:59,1
864,2,173,scope,green,,,2023-04-20 12:18:59,2023-04-20 12:18:59,1
865,2,173,budget,green,,,2023-04-20 12:18:59,2023-04-20 12:18:59,1
866,2,173,schedule,green,,,2023-04-20 12:18:59,2023-04-20 12:18:59,1
867,2,174,overall,green,,,2023-04-20 12:24:52,2023-04-20 12:24:52,1
868,2,174,scope,green,,,2023-04-20 12:24:52,2023-04-20 12:24:52,1
869,2,174,budget,green,,,2023-04-20 12:24:52,2023-04-20 12:24:52,1
870,2,174,schedule,green,,,2023-04-20 12:24:52,2023-04-20 12:24:52,1
875,2,176,overall,green,,,2023-04-20 13:03:06,2023-04-20 13:03:06,1
876,2,176,scope,green,,,2023-04-20 13:03:06,2023-04-20 13:03:06,1
877,2,176,budget,green,,,2023-04-20 13:03:06,2023-04-20 13:03:06,1
878,2,176,schedule,green,,,2023-04-20 13:03:06,2023-04-20 13:03:06,1
879,2,177,overall,green,,,2023-04-20 13:05:28,2023-04-20 13:05:28,1
880,2,177,scope,green,,,2023-04-20 13:05:28,2023-04-20 13:05:28,1
881,2,177,budget,green,,,2023-04-20 13:05:28,2023-04-20 13:05:28,1
882,2,177,schedule,green,,,2023-04-20 13:05:28,2023-04-20 13:05:28,1
887,2,179,overall,green,,,2023-04-20 13:50:28,2023-04-20 13:50:28,1
888,2,179,scope,green,,,2023-04-20 13:50:28,2023-04-20 13:50:28,1
889,2,179,budget,green,,,2023-04-20 13:50:28,2023-04-20 13:50:28,1
890,2,179,schedule,green,,,2023-04-20 13:50:28,2023-04-20 13:50:28,1
891,2,176,overall,yellow,,green,2023-04-24 03:33:18,2023-04-24 03:33:18,2
892,2,126,overall,yellow,"By following these procedures, businesses can ensure that they are conducting a systematic investigation or search carried out in a scientific or technological field by means of experimentation or analysis, and therefore meeting the eligibility criteria for the SR&ED tax credit",green,2023-04-24 06:54:29,2023-04-24 06:54:29,2
893,2,176,scope,green,"Formulate a clear and concise hypothesis: The hypothesis should be based on an identified technical uncertainty that needs to be addressed and should be specific and measurable.
Plan the experiment or analysis: Develop a detailed plan that outlines the experimental or analytical procedures required to test the hypothesis, including any required resources and materials.
Conduct the experiment or analysis: Carry out the planned procedures, ensuring that they are this",green,2023-04-24 07:17:17,2023-04-24 07:17:17,1
894,2,176,schedule,red,"Formulate a clear and concise hypothesis: The hypothesis should be based on an identified technical uncertainty that needs to be addressed and should be specific and measurable.

Plan the experiment or analysis: Develop a detailed plan that outlines the experimental or analytical procedures required to test the hypothesis, including any required resources and materials.

Conduct the experiment or analysis: Carry out the planned procedures, ensuring that they are conducted",green,2023-04-24 07:19:17,2023-04-24 07:19:17,3
895,2,176,risk,yellow,"Analyze the results: Evaluate the results obtained from the experiment or analysis, comparing them against the expected outcomes predicted by the hypothesis. Identify any significant deviations or anomalies and attempt to explain them.
Plan the experiment or analysis: Develop a detailed plan that outlines the experimental or analytical procedures required to test the hypothesis, including any required resources and materials.",,2023-04-24 07:20:11,2023-04-24 07:20:11,2
896,2,177,overall,yellow,"No, a successful solution to each technical uncertainty is not required for eligibility to claim SR&ED tax incentives. In fact, one of the main criteria for SR&ED eligibility is that the work involved in addressing the technical uncertainty must involve a systematic investigation or search that is carried out in a scientific or technological field by means of experimentation or analysis.

The goal of the SR&ED program is to encourage Canadian businesses of all sizes and indu",green,2023-04-24 08:16:54,2023-04-24 08:16:54,2
897,2,179,overall,yellow,"No, a successful solution to each technical uncertainty is not required for eligibility to claim SR&ED tax incentives. In fact, one of the main criteria for SR&ED eligibility is that the work involved in addressing the technical uncertainty must involve a systematic investigation or search that is carried out in a scientific or technological field by means of experimentation or analysis.

The goal of the SR&ED program is to encourage Canadian businesses of all sizes and",green,2023-04-24 09:12:56,2023-04-24 09:12:56,2
898,2,132,overall,yellow,"Our project involved addressing a technological uncertainty related to the effect of importing a project plan in CSV format into our project work tracking application. We identified that our existing system had limited functionality for importing project plans, and we were uncertain about the compatibility of the CSV file format and structure with our application.",green,2023-04-24 09:29:10,2023-04-24 09:29:10,2
899,2,132,overall,red,"Overall, our R&D efforts focused on addressing the technological uncertainties related to importing project plans in CSV format, through systematic experimentation, prototyping, and innovation. The resulting custom software module and enhanced application functionality represent a significant innovation and a new solution to the technological challenges faced by our organization Overall, our R&D efforts focused on addressing the technological uncertainties",yellow,2023-04-24 09:37:39,2023-04-24 09:37:39,3
900,2,176,overall,red,"existing system had limited functionality for importing project plans, and we were uncertain about the compatibility of the CSV file format and structure with our application.

To address this uncertainty, we undertook significant experimentation, prototyping, and innovation efforts. We formulated a hypothesis about the compatibility of different CSV file formats and structures with our application, and tested this hypothesis through systematic experimentation. Through this process, we developed a custom CSV import module that seamlessly integrated with our project work tracking application.

Our R&D efforts focused on developing a new and novel solution to the technological uncertainty, which could not be resolved using standard practice or existing knowledge. By developing a custom software module and implementing enhanced functionality for manipulating and analyzing the data within our application, we were able to significantly improve our project management processes.

Overall, our R&D efforts focused on addressing the technological uncertainties related to importing project plans in CSV format, through systematic experimentation, prototyping, and innovation. The resulting custom software module and enhanced application functionality represent a significant innovation and a new solution to the technological challenges faced by our organization.",yellow,2023-04-24 10:06:44,2023-04-24 10:06:44,3
901,2,126,overall,yellow,"existing system had limited functionality for importing project plans, and we were uncertain about the compatibility of the CSV file format and structure with our application.

To address this uncertainty, we undertook significant experimentation, prototyping, and innovation efforts. We formulated a hypothesis about the compatibility of different CSV file formats and structures with our application, and tested this hypothesis through systematic experimentation. Through this process, we developed a custom CSV import module that seamlessly integrated with our project work tracking application.

Our R&D efforts focused on developing a new and novel solution to the technological uncertainty, which could not be resolved using standard practice or existing knowledge. By developing a custom software module and implementing enhanced functionality for manipulating and analyzing the data within our application, we were able to significantly improve our project management processes.

Overall, our R&D efforts focused on addressing the technological uncertainties related to importing project plans in CSV format, through systematic experimentation, prototyping, and innovation. The resulting custom software module and enhanced application functionality represent a significant innovation and a new solution to the technological challenges faced by our organization.",yellow,2023-04-24 10:09:17,2023-04-24 10:09:17,2
902,2,132,overall,yellow,"existing system had limited functionality for importing project plans, and we were uncertain about the compatibility of the CSV file format and structure with our application.

To address this uncertainty, we undertook significant experimentation, prototyping, and innovation efforts. We formulated a hypothesis about the compatibility of different CSV file formats and structures with our application, and tested this hypothesis through systematic experimentation. Through this process, we developed a custom CSV import module that seamlessly integrated with our project work tracking application.

Our R&D efforts focused on developing a new and novel solution to the technological uncertainty, which could not be resolved using standard practice or existing knowledge. By developing a custom software module and implementing enhanced functionality for manipulating and analyzing the data within our application, we were able to significantly improve our project management processes.

Overall, our R&D efforts focused on addressing the technological uncertainties related to importing project plans in CSV format, through systematic experimentation, prototyping, and innovation. The resulting custom software module and enhanced application functionality represent a significant innovation and a new solution to the technological challenges faced by our organization.",red,2023-04-24 10:11:09,2023-04-24 10:11:09,2
911,2,182,overall,green,,,2023-04-25 08:03:52,2023-04-25 08:03:52,1
912,2,182,scope,green,,,2023-04-25 08:03:52,2023-04-25 08:03:52,1
913,2,182,budget,green,,,2023-04-25 08:03:52,2023-04-25 08:03:52,1
914,2,182,schedule,green,,,2023-04-25 08:03:52,2023-04-25 08:03:52,1
915,2,182,overall,yellow,"Our R&D efforts focused on developing a new and novel solution to the technological uncertainty, which could not be resolved using standard practice or existing knowledge. By developing a custom software module and implementing enhanced functionality for manipulating and analyzing the data within our application, we were able to significantly improve our project management processes.",green,2023-04-25 08:04:36,2023-04-25 08:04:36,2
924,2,185,overall,green,,,2023-04-25 08:16:18,2023-04-25 08:16:18,1
925,2,185,scope,green,,,2023-04-25 08:16:18,2023-04-25 08:16:18,1
926,2,185,budget,green,,,2023-04-25 08:16:18,2023-04-25 08:16:18,1
927,2,185,schedule,green,,,2023-04-25 08:16:18,2023-04-25 08:16:18,1
928,2,186,overall,green,,,2023-04-25 08:21:29,2023-04-25 08:21:29,1
929,2,186,scope,green,,,2023-04-25 08:21:29,2023-04-25 08:21:29,1
930,2,186,budget,green,,,2023-04-25 08:21:29,2023-04-25 08:21:29,1
931,2,186,schedule,green,,,2023-04-25 08:21:29,2023-04-25 08:21:29,1
932,2,187,overall,green,,,2023-04-25 08:28:22,2023-04-25 08:28:22,1
933,2,187,scope,green,,,2023-04-25 08:28:22,2023-04-25 08:28:22,1
934,2,187,budget,green,,,2023-04-25 08:28:22,2023-04-25 08:28:22,1
935,2,187,schedule,green,,,2023-04-25 08:28:22,2023-04-25 08:28:22,1
936,2,188,overall,green,,,2023-04-25 08:34:18,2023-04-25 08:34:18,1
937,2,188,scope,green,,,2023-04-25 08:34:18,2023-04-25 08:34:18,1
938,2,188,budget,green,,,2023-04-25 08:34:18,2023-04-25 08:34:18,1
939,2,188,schedule,green,,,2023-04-25 08:34:18,2023-04-25 08:34:18,1
940,2,189,overall,green,,,2023-04-25 08:46:56,2023-04-25 08:46:56,1
941,2,189,scope,green,,,2023-04-25 08:46:56,2023-04-25 08:46:56,1
942,2,189,budget,green,,,2023-04-25 08:46:56,2023-04-25 08:46:56,1
943,2,189,schedule,green,,,2023-04-25 08:46:56,2023-04-25 08:46:56,1
944,2,190,overall,green,,,2023-04-28 06:34:10,2023-04-28 06:34:10,1
945,2,190,scope,green,,,2023-04-28 06:34:10,2023-04-28 06:34:10,1
946,2,190,budget,green,,,2023-04-28 06:34:10,2023-04-28 06:34:10,1
947,2,190,schedule,green,,,2023-04-28 06:34:10,2023-04-28 06:34:10,1
948,2,190,scope,yellow,ssssssssssssss,green,2023-04-28 06:38:11,2023-04-28 06:38:11,2
949,2,190,overall,green,This Is Being Done by using previous information from the TTC RFI/RFP and is being handled by Paul. There is no technical information being supplied specifically for this RFI response/project.,green,2023-05-01 04:15:39,2023-05-01 04:15:39,1
950,2,190,scope,yellow,There is no technical information being supplied specifically for this RFI response/project.,yellow,2023-05-01 04:16:36,2023-05-01 04:16:36,2
951,2,190,schedule,red,bbbbbbbbbbbbbbbbbb,green,2023-05-01 04:17:24,2023-05-01 04:17:24,3
952,2,190,budget,green,cccccccccccccccccc,green,2023-05-01 04:17:47,2023-05-01 04:17:47,1
953,2,190,technology,red,is being handled by Paul. There is no technical information being supplied specifically for this RFI response/project.,,2023-05-01 04:18:24,2023-05-01 04:18:24,3
954,2,132,overall,red,This needs to re- assessed with the executive,yellow,2023-05-04 10:11:13,2023-05-04 10:11:13,3
955,2,126,overall,green,We are back to 'GREEN' and back on schedule.,yellow,2023-05-08 14:21:37,2023-05-08 14:21:37,1
956,2,126,overall,yellow,,green,2023-05-08 14:25:07,2023-05-08 14:25:07,2
957,2,126,overall,yellow,We are having to resend our order for the new security system and the delivery may delay the coffee shop opening.,yellow,2023-05-08 14:26:46,2023-05-08 14:26:46,2
958,2,126,overall,red,big trouble,yellow,2023-05-24 10:31:30,2023-05-24 10:31:30,3
959,2,191,overall,green,,,2023-05-25 13:07:38,2023-05-25 13:07:38,1
960,2,191,scope,green,,,2023-05-25 13:07:38,2023-05-25 13:07:38,1
961,2,191,budget,green,,,2023-05-25 13:07:38,2023-05-25 13:07:38,1
962,2,191,schedule,green,,,2023-05-25 13:07:38,2023-05-25 13:07:38,1
963,2,192,overall,green,,,2023-05-25 13:29:28,2023-05-25 13:29:28,1
964,2,192,scope,green,,,2023-05-25 13:29:28,2023-05-25 13:29:28,1
965,2,192,budget,green,,,2023-05-25 13:29:28,2023-05-25 13:29:28,1
966,2,192,schedule,green,,,2023-05-25 13:29:28,2023-05-25 13:29:28,1
967,2,193,overall,green,,,2023-05-25 13:52:42,2023-05-25 13:52:42,1
968,2,193,scope,green,,,2023-05-25 13:52:42,2023-05-25 13:52:42,1
969,2,193,budget,green,,,2023-05-25 13:52:42,2023-05-25 13:52:42,1
970,2,193,schedule,green,,,2023-05-25 13:52:42,2023-05-25 13:52:42,1
971,2,193,overall,yellow,"Developing a process of uploading and compressing files on to the platform created some challenges in terms of system latency and performance. When prototyping, it became clear that this wouldnt offer the flexibility required, as it meant forcing the user to manage several copies, one per category.",green,2023-05-25 14:04:00,2023-05-25 14:04:00,2
972,2,126,overall,green,,red,2023-06-05 12:21:41,2023-06-05 12:21:41,1
973,2,126,schedule,green,,red,2023-06-05 12:22:04,2023-06-05 12:22:04,1
974,41,194,overall,green,,,2023-06-08 06:23:18,2023-06-08 06:23:18,1
975,41,194,scope,green,,,2023-06-08 06:23:18,2023-06-08 06:23:18,1
976,41,194,budget,green,,,2023-06-08 06:23:18,2023-06-08 06:23:18,1
977,41,194,schedule,green,,,2023-06-08 06:23:18,2023-06-08 06:23:18,1
978,41,195,overall,green,,,2023-06-12 12:23:15,2023-06-12 12:23:15,1
979,41,195,scope,green,,,2023-06-12 12:23:15,2023-06-12 12:23:15,1
980,41,195,budget,green,,,2023-06-12 12:23:15,2023-06-12 12:23:15,1
981,41,195,schedule,green,,,2023-06-12 12:23:15,2023-06-12 12:23:15,1
982,41,196,overall,green,,,2023-06-12 12:32:19,2023-06-12 12:32:19,1
983,41,196,scope,green,,,2023-06-12 12:32:19,2023-06-12 12:32:19,1
984,41,196,budget,green,,,2023-06-12 12:32:19,2023-06-12 12:32:19,1
985,41,196,schedule,green,,,2023-06-12 12:32:19,2023-06-12 12:32:19,1
986,41,197,overall,green,,,2023-06-12 13:10:13,2023-06-12 13:10:13,1
987,41,197,scope,green,,,2023-06-12 13:10:13,2023-06-12 13:10:13,1
988,41,197,budget,green,,,2023-06-12 13:10:13,2023-06-12 13:10:13,1
989,41,197,schedule,green,,,2023-06-12 13:10:13,2023-06-12 13:10:13,1
990,2,132,overall,yellow,,red,2023-06-13 12:53:34,2023-06-13 12:53:34,2
991,2,193,overall,green,,yellow,2023-06-13 12:53:52,2023-06-13 12:53:52,1
992,52,56,overall,red,,green,2023-06-13 12:59:45,2023-06-13 12:59:45,3
993,6,79,overall,red,,green,2023-06-13 13:14:10,2023-06-13 13:14:10,3
994,2,198,overall,green,,,2023-06-16 11:06:28,2023-06-16 11:06:28,1
995,2,198,scope,green,,,2023-06-16 11:06:28,2023-06-16 11:06:28,1
996,2,198,budget,green,,,2023-06-16 11:06:28,2023-06-16 11:06:28,1
997,2,198,schedule,green,,,2023-06-16 11:06:28,2023-06-16 11:06:28,1
998,2,126,quality,green,,,2023-06-19 07:15:43,2023-06-19 07:15:43,1
999,2,126,quality,green,,green,2023-06-19 07:15:54,2023-06-19 07:15:54,1
1000,2,126,technology,green,,,2023-06-19 07:16:40,2023-06-19 07:16:40,1
1001,2,126,technology,red,We are experiencing a slowdown in the build based on a lack of training. We need to book training sessions.,green,2023-06-19 07:17:34,2023-06-19 07:17:34,3
1002,2,126,quality,yellow,We have some issues with the full setup of the infrastructure but we are working through that,green,2023-06-19 07:18:40,2023-06-19 07:18:40,2
1003,55,199,overall,green,,,2023-06-26 12:41:40,2023-06-26 12:41:40,1
1004,55,199,scope,green,,,2023-06-26 12:41:40,2023-06-26 12:41:40,1
1005,55,199,budget,green,,,2023-06-26 12:41:40,2023-06-26 12:41:40,1
1006,55,199,schedule,green,,,2023-06-26 12:41:40,2023-06-26 12:41:40,1
1007,2,193,overall,red,Falling behind,green,2023-07-04 06:56:02,2023-07-04 06:56:02,3
1008,2,132,overall,green,all good,yellow,2023-08-23 10:53:06,2023-08-23 10:53:06,1
1009,2,132,schedule,yellow,issues but small,green,2023-08-23 10:53:29,2023-08-23 10:53:29,2
1010,2,200,overall,green,,,2023-08-24 10:14:54,2023-08-24 10:14:54,1
1011,2,200,scope,green,,,2023-08-24 10:14:54,2023-08-24 10:14:54,1
1012,2,200,budget,green,,,2023-08-24 10:14:54,2023-08-24 10:14:54,1
1013,2,200,schedule,green,,,2023-08-24 10:14:54,2023-08-24 10:14:54,1
1014,2,201,overall,green,,,2023-08-24 13:36:25,2023-08-24 13:36:25,1
1015,2,201,scope,green,,,2023-08-24 13:36:25,2023-08-24 13:36:25,1
1016,2,201,budget,green,,,2023-08-24 13:36:25,2023-08-24 13:36:25,1
1017,2,201,schedule,green,,,2023-08-24 13:36:25,2023-08-24 13:36:25,1
1018,1,202,overall,green,,,2023-08-25 12:20:06,2023-08-25 12:20:06,1
1019,1,202,scope,green,,,2023-08-25 12:20:06,2023-08-25 12:20:06,1
1020,1,202,budget,green,,,2023-08-25 12:20:06,2023-08-25 12:20:06,1
1021,1,202,schedule,green,,,2023-08-25 12:20:06,2023-08-25 12:20:06,1
1022,2,203,overall,green,,,2023-08-30 11:08:12,2023-08-30 11:08:12,1
1023,2,203,scope,green,,,2023-08-30 11:08:12,2023-08-30 11:08:12,1
1024,2,203,budget,green,,,2023-08-30 11:08:12,2023-08-30 11:08:12,1
1025,2,203,schedule,green,,,2023-08-30 11:08:12,2023-08-30 11:08:12,1
1042,78,208,overall,green,,,2023-09-18 06:33:56,2023-09-18 06:33:56,1
1043,78,208,scope,green,,,2023-09-18 06:33:56,2023-09-18 06:33:56,1
1044,78,208,budget,green,,,2023-09-18 06:33:56,2023-09-18 06:33:56,1
1045,78,208,schedule,green,,,2023-09-18 06:33:56,2023-09-18 06:33:56,1
1046,2,132,overall,yellow,having some difficulties meeting schedule with the service IT group,green,2023-09-19 06:49:32,2023-09-19 06:49:32,2
1055,2,211,overall,green,,,2023-10-17 12:29:09,2023-10-17 12:29:09,1
1056,2,211,scope,green,,,2023-10-17 12:29:09,2023-10-17 12:29:09,1
1057,2,211,budget,green,,,2023-10-17 12:29:09,2023-10-17 12:29:09,1
1058,2,211,schedule,green,,,2023-10-17 12:29:09,2023-10-17 12:29:09,1
1059,2,132,procurement,green,Procurement done for now,,2023-10-17 12:48:06,2023-10-17 12:48:06,1
1060,2,132,budget,red,May need more funds to compensate for changes to be made. Meeting set for Oct 28,green,2023-10-17 12:49:00,2023-10-17 12:49:00,3
1061,2,201,overall,red,Resources are not available as planned. We need to review the plan and to ensure availability to complete.,green,2023-11-07 07:36:22,2023-11-07 07:36:22,3
1062,2,201,scope,red,,green,2023-11-07 07:36:33,2023-11-07 07:36:33,3
1063,2,201,schedule,yellow,,green,2023-11-07 07:36:39,2023-11-07 07:36:39,2
1064,2,201,budget,red,,green,2023-11-07 07:36:45,2023-11-07 07:36:45,3
1065,2,201,resources,yellow,need confirmation of availability,,2023-11-07 07:37:20,2023-11-07 07:37:20,2
1066,2,127,overall,green,back on track,yellow,2023-11-07 07:45:24,2023-11-07 07:45:24,1
1067,2,127,scope,yellow,,green,2023-11-07 07:45:34,2023-11-07 07:45:34,2
1068,2,127,schedule,green,,green,2023-11-07 07:45:38,2023-11-07 07:45:38,1
1069,2,127,budget,yellow,,green,2023-11-07 07:45:44,2023-11-07 07:45:44,2
1070,2,127,quality,yellow,need to review scope,,2023-11-07 07:46:11,2023-11-07 07:46:11,2
1071,2,126,budget,red,,yellow,2023-11-08 07:05:18,2023-11-08 07:05:18,3
1072,2,212,overall,green,,,2023-11-16 12:46:43,2023-11-16 12:46:43,1
1073,2,212,scope,green,,,2023-11-16 12:46:43,2023-11-16 12:46:43,1
1074,2,212,budget,green,,,2023-11-16 12:46:43,2023-11-16 12:46:43,1
1075,2,212,schedule,green,,,2023-11-16 12:46:43,2023-11-16 12:46:43,1
1076,2,213,overall,green,,,2023-11-22 10:58:09,2023-11-22 10:58:09,1
1077,2,213,scope,green,,,2023-11-22 10:58:09,2023-11-22 10:58:09,1
1078,2,213,budget,green,,,2023-11-22 10:58:09,2023-11-22 10:58:09,1
1079,2,213,schedule,green,,,2023-11-22 10:58:09,2023-11-22 10:58:09,1
1080,2,214,overall,green,,,2023-11-28 06:12:52,2023-11-28 06:12:52,1
1081,2,214,scope,green,,,2023-11-28 06:12:52,2023-11-28 06:12:52,1
1082,2,214,budget,green,,,2023-11-28 06:12:52,2023-11-28 06:12:52,1
1083,2,214,schedule,green,,,2023-11-28 06:12:52,2023-11-28 06:12:52,1
1088,2,126,budget,red,we need to meet since the overtime on the work is putting us way over for the project budget as planned,red,2024-01-16 07:55:01,2024-01-16 07:55:01,3
1089,2,126,overall,red,moving to RED since the budget is RED,green,2024-01-16 07:55:44,2024-01-16 07:55:44,3
1090,2,126,resources,yellow,,green,2024-01-16 09:38:43,2024-01-16 09:38:43,2
1091,22,133,overall,red,Early issues with obtaining permits could move end date,yellow,2024-01-17 04:27:00,2024-01-17 04:27:00,3
1092,22,133,schedule,red,having delays getting permit,yellow,2024-01-17 04:32:10,2024-01-17 04:32:10,3
1093,2,126,overall,green,,red,2024-01-23 10:02:40,2024-01-23 10:02:40,1
1094,2,126,overall,red,Budget issues,green,2024-01-24 07:53:16,2024-01-24 07:53:16,3
1095,2,132,budget,yellow,Will need to meet to assess next steps,red,2024-01-29 08:51:20,2024-01-29 08:51:20,2
1108,2,219,overall,green,,,2024-01-30 14:42:44,2024-01-30 14:42:44,1
1109,2,219,scope,green,,,2024-01-30 14:42:44,2024-01-30 14:42:44,1
1110,2,219,budget,green,,,2024-01-30 14:42:44,2024-01-30 14:42:44,1
1111,2,219,schedule,green,,,2024-01-30 14:42:44,2024-01-30 14:42:44,1
1112,2,220,overall,green,,,2024-01-30 14:45:05,2024-01-30 14:45:05,1
1113,2,220,scope,green,,,2024-01-30 14:45:05,2024-01-30 14:45:05,1
1114,2,220,budget,green,,,2024-01-30 14:45:05,2024-01-30 14:45:05,1
1115,2,220,schedule,green,,,2024-01-30 14:45:05,2024-01-30 14:45:05,1
1120,2,222,overall,green,,,2024-01-30 14:48:42,2024-01-30 14:48:42,1
1121,2,222,scope,green,,,2024-01-30 14:48:42,2024-01-30 14:48:42,1
1122,2,222,budget,green,,,2024-01-30 14:48:42,2024-01-30 14:48:42,1
1123,2,222,schedule,green,,,2024-01-30 14:48:42,2024-01-30 14:48:42,1
1124,2,223,overall,green,,,2024-01-30 14:50:22,2024-01-30 14:50:22,1
1125,2,223,scope,green,,,2024-01-30 14:50:22,2024-01-30 14:50:22,1
1126,2,223,budget,green,,,2024-01-30 14:50:22,2024-01-30 14:50:22,1
1127,2,223,schedule,green,,,2024-01-30 14:50:22,2024-01-30 14:50:22,1
1128,2,224,overall,green,,,2024-01-30 14:52:00,2024-01-30 14:52:00,1
1129,2,224,scope,green,,,2024-01-30 14:52:00,2024-01-30 14:52:00,1
1130,2,224,budget,green,,,2024-01-30 14:52:00,2024-01-30 14:52:00,1
1131,2,224,schedule,green,,,2024-01-30 14:52:00,2024-01-30 14:52:00,1
1132,2,225,overall,green,,,2024-01-30 14:53:26,2024-01-30 14:53:26,1
1133,2,225,scope,green,,,2024-01-30 14:53:26,2024-01-30 14:53:26,1
1134,2,225,budget,green,,,2024-01-30 14:53:26,2024-01-30 14:53:26,1
1135,2,225,schedule,green,,,2024-01-30 14:53:26,2024-01-30 14:53:26,1
1136,2,226,overall,green,,,2024-01-30 14:55:09,2024-01-30 14:55:09,1
1137,2,226,scope,green,,,2024-01-30 14:55:09,2024-01-30 14:55:09,1
1138,2,226,budget,green,,,2024-01-30 14:55:09,2024-01-30 14:55:09,1
1139,2,226,schedule,green,,,2024-01-30 14:55:09,2024-01-30 14:55:09,1
1140,2,227,overall,green,,,2024-01-30 14:56:58,2024-01-30 14:56:58,1
1141,2,227,scope,green,,,2024-01-30 14:56:58,2024-01-30 14:56:58,1
1142,2,227,budget,green,,,2024-01-30 14:56:58,2024-01-30 14:56:58,1
1143,2,227,schedule,green,,,2024-01-30 14:56:58,2024-01-30 14:56:58,1
1144,2,228,overall,green,,,2024-01-30 15:01:25,2024-01-30 15:01:25,1
1145,2,228,scope,green,,,2024-01-30 15:01:25,2024-01-30 15:01:25,1
1146,2,228,budget,green,,,2024-01-30 15:01:25,2024-01-30 15:01:25,1
1147,2,228,schedule,green,,,2024-01-30 15:01:25,2024-01-30 15:01:25,1
1148,2,229,overall,green,,,2024-01-30 15:14:44,2024-01-30 15:14:44,1
1149,2,229,scope,green,,,2024-01-30 15:14:44,2024-01-30 15:14:44,1
1150,2,229,budget,green,,,2024-01-30 15:14:44,2024-01-30 15:14:44,1
1151,2,229,schedule,green,,,2024-01-30 15:14:44,2024-01-30 15:14:44,1
1152,2,230,overall,green,,,2024-01-30 15:19:34,2024-01-30 15:19:34,1
1153,2,230,scope,green,,,2024-01-30 15:19:34,2024-01-30 15:19:34,1
1154,2,230,budget,green,,,2024-01-30 15:19:34,2024-01-30 15:19:34,1
1155,2,230,schedule,green,,,2024-01-30 15:19:34,2024-01-30 15:19:34,1
1156,2,231,overall,green,,,2024-01-30 15:24:28,2024-01-30 15:24:28,1
1157,2,231,scope,green,,,2024-01-30 15:24:28,2024-01-30 15:24:28,1
1158,2,231,budget,green,,,2024-01-30 15:24:28,2024-01-30 15:24:28,1
1159,2,231,schedule,green,,,2024-01-30 15:24:28,2024-01-30 15:24:28,1
