id,creator_id,created_at,updated_at,deleted_at
1,1,2021-11-22 12:27:59,2022-06-23 00:00:07,2022-06-23 00:00:07
2,2,2021-11-22 12:27:59,2021-11-22 12:27:59,
3,3,2021-11-22 12:27:59,2022-01-17 08:16:59,2022-01-17 08:16:59
4,5,2022-01-03 07:11:33,2022-01-03 07:11:33,
5,6,2022-01-03 10:06:35,2022-01-03 10:06:35,
6,7,2022-01-06 21:26:04,2022-01-06 21:26:04,
7,8,2022-01-10 16:23:41,2022-01-17 08:16:39,2022-01-17 08:16:39
8,9,2022-01-10 16:39:50,2022-01-10 16:39:50,
9,10,2022-01-11 10:52:14,2022-01-27 10:06:39,2022-01-27 10:06:39
10,11,2022-01-11 12:12:59,2022-01-11 12:12:59,
11,12,2022-01-11 12:21:23,2022-01-17 08:15:38,2022-01-17 08:15:38
12,13,2022-01-11 13:02:54,2022-01-17 08:15:26,2022-01-17 08:15:26
13,14,2022-01-11 13:06:53,2022-01-23 03:07:04,2022-01-23 03:07:04
14,15,2022-01-11 15:01:34,2022-01-17 08:14:06,2022-01-17 08:14:06
15,16,2022-01-11 15:05:34,2022-01-19 05:25:32,2022-01-19 05:25:32
16,17,2022-01-11 15:13:27,2022-01-11 15:13:27,
17,18,2022-01-11 15:46:30,2022-01-11 15:46:30,
18,19,2022-01-11 15:54:35,2022-01-17 08:14:46,2022-01-17 08:14:46
19,20,2022-01-11 22:43:43,2022-02-07 07:11:57,2022-02-07 07:11:57
20,21,2022-01-11 22:48:40,2022-01-17 08:13:34,2022-01-17 08:13:34
21,22,2022-01-11 23:33:50,2022-01-11 23:33:50,
22,23,2022-01-12 03:31:24,2022-01-31 09:09:37,2022-01-31 09:09:37
23,24,2022-01-12 03:48:16,2022-06-07 14:08:03,2022-06-07 14:08:03
24,25,2022-01-12 04:17:41,2022-01-12 04:17:41,
25,26,2022-01-12 05:02:02,2022-01-19 05:49:44,2022-01-19 05:49:44
26,27,2022-01-12 07:44:45,2022-01-12 07:44:45,
27,28,2022-01-12 07:59:20,2022-02-07 07:12:48,2022-02-07 07:12:48
28,29,2022-01-12 10:34:00,2022-06-07 14:08:27,2022-06-07 14:08:27
29,30,2022-01-13 07:46:02,2023-02-02 05:52:57,2023-02-02 05:52:57
30,31,2022-01-13 08:55:30,2022-01-17 08:09:24,2022-01-17 08:09:24
31,32,2022-01-16 07:21:24,2022-01-16 07:21:24,
32,33,2022-01-19 05:28:08,2022-01-19 05:40:54,2022-01-19 05:40:54
33,34,2022-01-19 05:37:29,2022-01-19 05:41:24,2022-01-19 05:41:24
34,35,2022-01-19 05:46:50,2022-11-24 05:31:56,2022-11-24 05:31:56
35,36,2022-01-20 07:43:23,2022-01-20 07:43:23,
36,37,2022-01-22 07:00:42,2023-02-02 05:52:30,2023-02-02 05:52:30
37,38,2022-01-23 12:19:50,2022-01-23 12:19:50,
38,39,2022-01-31 15:16:55,2022-01-31 15:16:55,
39,40,2022-02-01 16:08:53,2023-02-02 05:52:11,2023-02-02 05:52:11
40,41,2022-02-04 06:03:54,2022-02-04 06:03:54,
41,42,2022-02-07 01:49:30,2022-02-07 01:49:30,
42,43,2022-02-14 08:04:11,2022-02-14 08:04:11,
43,44,2022-02-15 14:21:10,2022-02-15 14:21:10,
44,45,2022-02-17 01:13:18,2022-05-30 12:42:06,2022-05-30 12:42:06
45,46,2022-02-28 03:42:31,2022-06-07 14:07:15,2022-06-07 14:07:15
46,47,2022-03-03 12:35:01,2022-03-03 12:35:01,
47,48,2022-03-04 06:10:06,2022-03-04 06:10:06,
48,49,2022-03-04 13:23:46,2022-03-08 16:53:43,2022-03-08 16:53:43
49,50,2022-03-05 17:17:04,2022-03-05 17:17:04,
50,51,2022-03-07 09:27:39,2022-03-07 09:27:39,
51,52,2022-03-07 14:07:18,2022-03-07 14:07:18,
52,53,2022-03-07 14:19:33,2022-03-09 14:21:22,2022-03-09 14:21:22
53,54,2022-03-11 05:55:33,2022-03-11 05:55:33,
54,56,2022-03-14 09:54:18,2022-06-14 08:44:12,2022-06-14 08:44:12
55,57,2022-03-16 00:41:45,2022-03-16 00:41:45,
56,58,2022-03-16 04:44:07,2022-03-16 04:44:07,
57,60,2022-03-17 08:06:21,2022-03-17 08:06:21,
58,61,2022-03-17 10:18:39,2022-03-17 10:18:39,
59,63,2022-03-18 04:47:32,2022-03-18 05:53:36,2022-03-18 05:53:36
60,64,2022-03-18 06:35:23,2022-03-18 15:00:01,2022-03-18 15:00:01
61,65,2022-03-18 08:25:35,2022-03-18 08:25:35,
62,68,2022-03-22 12:30:04,2022-03-22 12:30:04,
63,55,2022-03-31 06:34:05,2022-03-31 06:34:05,
64,71,2022-05-11 04:35:52,2022-05-11 06:20:47,2022-05-11 06:20:47
65,72,2022-05-11 05:55:46,2022-05-11 05:55:46,
66,74,2022-05-11 06:45:40,2022-05-11 06:45:40,
67,76,2022-05-21 14:12:49,2022-05-21 14:12:49,
68,77,2022-05-26 04:52:40,2022-05-26 04:52:40,
69,79,2022-06-10 04:31:34,2022-06-10 04:31:34,
70,80,2022-06-10 07:07:22,2022-06-10 07:07:22,
71,81,2022-06-15 08:10:56,2022-06-15 08:10:56,
72,82,2022-06-15 08:47:09,2022-06-15 08:47:09,
73,83,2022-06-15 08:47:46,2022-06-15 08:47:46,
74,84,2022-06-17 06:47:59,2022-06-17 06:47:59,
75,85,2022-06-21 04:59:30,2022-06-21 04:59:30,
76,86,2022-06-22 02:10:45,2022-12-05 07:55:33,2022-12-05 07:55:33
77,87,2022-06-27 06:55:23,2022-06-27 06:55:23,
78,88,2022-06-28 03:42:37,2022-06-28 03:42:37,
79,89,2022-07-01 00:05:10,2022-07-01 00:05:10,
80,90,2022-07-07 04:06:13,2022-07-07 04:06:13,
81,91,2022-07-11 07:11:42,2022-07-11 07:11:42,
82,92,2022-07-21 07:01:43,2022-07-21 07:01:43,
83,93,2022-08-02 06:36:26,2022-08-08 06:46:01,2022-08-08 06:46:01
84,94,2022-08-10 20:31:10,2022-08-10 20:43:10,2022-08-10 20:43:10
85,95,2022-08-23 10:58:12,2022-08-23 10:58:12,
86,96,2022-11-24 05:32:41,2022-11-24 05:32:41,
87,78,2023-09-18 06:32:46,2023-09-18 06:32:46,
