id,date,total_billed,monthly_payments,yearly_payments,created_at,updated_at
1,2022-01-09,5.0,5.0,0.0,2022-01-09 04:45:08,2022-01-09 04:53:44
2,2022-01-10,0.0,0.0,0.0,2022-01-09 19:00:04,2022-01-09 19:00:04
3,2022-01-11,0.0,0.0,0.0,2022-01-10 19:00:02,2022-01-10 19:00:02
4,2022-01-12,0.0,0.0,0.0,2022-01-11 19:00:03,2022-01-11 19:00:03
5,2022-01-13,0.0,0.0,0.0,2022-01-12 19:00:02,2022-01-12 19:00:02
6,2022-01-14,0.0,0.0,0.0,2022-01-13 19:00:02,2022-01-13 19:00:02
7,2022-01-15,0.0,0.0,0.0,2022-01-14 19:00:02,2022-01-14 19:00:02
8,2022-01-16,0.0,0.0,0.0,2022-01-15 19:00:02,2022-01-15 19:00:02
9,2022-01-17,0.0,0.0,0.0,2022-01-16 19:00:02,2022-01-16 19:00:02
10,2022-01-18,0.0,0.0,0.0,2022-01-17 19:00:03,2022-01-17 19:00:03
11,2022-01-19,0.0,0.0,0.0,2022-01-18 19:00:03,2022-01-18 19:00:03
12,2022-01-20,0.0,0.0,0.0,2022-01-19 19:00:10,2022-01-19 19:00:10
13,2022-01-21,0.0,0.0,0.0,2022-01-20 19:00:02,2022-01-20 19:00:02
14,2022-01-22,0.0,0.0,0.0,2022-01-21 19:00:04,2022-01-21 19:00:04
15,2022-01-23,0.0,0.0,0.0,2022-01-22 19:00:04,2022-01-22 19:00:04
16,2022-01-24,0.0,0.0,0.0,2022-01-23 19:00:03,2022-01-23 19:00:03
17,2022-01-25,0.0,0.0,0.0,2022-01-24 19:00:02,2022-01-24 19:00:02
18,2022-01-26,0.0,0.0,0.0,2022-01-25 19:00:03,2022-01-25 19:00:03
19,2022-01-27,0.0,0.0,0.0,2022-01-26 19:00:10,2022-01-26 19:00:10
20,2022-01-28,0.0,0.0,0.0,2022-01-27 19:00:09,2022-01-27 19:00:09
21,2022-01-29,0.0,0.0,0.0,2022-01-28 19:00:06,2022-01-28 19:00:06
22,2022-01-30,0.0,0.0,0.0,2022-01-29 19:00:11,2022-01-29 19:00:11
23,2022-01-31,0.0,0.0,0.0,2022-01-30 19:00:04,2022-01-30 19:00:04
24,2022-02-01,0.0,0.0,0.0,2022-01-31 19:00:04,2022-01-31 19:00:04
25,2022-02-02,0.0,0.0,0.0,2022-02-01 19:00:04,2022-02-01 19:00:04
26,2022-02-03,0.0,0.0,0.0,2022-02-02 19:00:08,2022-02-02 19:00:08
27,2022-02-04,0.0,0.0,0.0,2022-02-03 19:00:05,2022-02-03 19:00:05
28,2022-02-05,0.0,0.0,0.0,2022-02-04 19:00:06,2022-02-04 19:00:06
29,2022-02-06,0.0,0.0,0.0,2022-02-05 19:00:04,2022-02-05 19:00:04
30,2022-02-07,0.0,0.0,0.0,2022-02-06 19:00:05,2022-02-06 19:00:05
31,2022-02-08,0.0,0.0,0.0,2022-02-07 19:00:05,2022-02-07 19:00:05
32,2022-02-09,0.0,0.0,0.0,2022-02-08 19:00:04,2022-02-08 19:00:04
33,2022-02-10,0.0,0.0,0.0,2022-02-09 19:00:05,2022-02-09 19:00:05
34,2022-02-11,0.0,0.0,0.0,2022-02-10 19:00:03,2022-02-10 19:00:03
35,2022-02-12,0.0,0.0,0.0,2022-02-11 19:00:02,2022-02-11 19:00:02
36,2022-02-13,0.0,0.0,0.0,2022-02-12 19:00:06,2022-02-12 19:00:06
37,2022-02-14,0.0,0.0,0.0,2022-02-13 19:00:05,2022-02-13 19:00:05
38,2022-02-15,0.0,0.0,0.0,2022-02-14 19:00:05,2022-02-14 19:00:05
39,2022-02-16,0.0,0.0,0.0,2022-02-15 19:00:02,2022-02-15 19:00:02
40,2022-02-17,48.0,0.0,48.0,2022-02-16 19:00:05,2022-02-17 11:48:13
41,2022-02-18,0.0,0.0,0.0,2022-02-17 19:00:06,2022-02-17 19:00:06
42,2022-02-19,0.0,0.0,0.0,2022-02-18 19:00:01,2022-02-18 19:00:01
43,2022-02-20,0.0,0.0,0.0,2022-02-19 19:00:05,2022-02-19 19:00:05
44,2022-02-21,0.0,0.0,0.0,2022-02-20 19:00:05,2022-02-20 19:00:05
45,2022-02-22,0.0,0.0,0.0,2022-02-21 19:00:04,2022-02-21 19:00:04
46,2022-02-23,0.0,0.0,0.0,2022-02-22 19:00:03,2022-02-22 19:00:03
47,2022-02-24,0.0,0.0,0.0,2022-02-23 19:00:05,2022-02-23 19:00:05
48,2022-02-25,0.0,0.0,0.0,2022-02-24 19:00:03,2022-02-24 19:00:03
49,2022-02-26,0.0,0.0,0.0,2022-02-25 19:00:05,2022-02-25 19:00:05
50,2022-02-27,0.0,0.0,0.0,2022-02-26 19:00:05,2022-02-26 19:00:05
51,2022-02-28,0.0,0.0,0.0,2022-02-27 19:00:04,2022-02-27 19:00:04
52,2022-03-01,0.0,0.0,0.0,2022-02-28 19:00:04,2022-02-28 19:00:04
53,2022-03-02,0.0,0.0,0.0,2022-03-01 19:00:04,2022-03-01 19:00:04
54,2022-03-03,0.0,0.0,0.0,2022-03-02 19:00:02,2022-03-02 19:00:02
55,2022-03-04,0.0,0.0,0.0,2022-03-03 19:00:06,2022-03-03 19:00:06
56,2022-03-05,0.0,0.0,0.0,2022-03-04 19:00:06,2022-03-04 19:00:06
57,2022-03-06,0.0,0.0,0.0,2022-03-05 19:00:02,2022-03-05 19:00:02
58,2022-03-07,0.0,0.0,0.0,2022-03-06 19:00:03,2022-03-06 19:00:03
59,2022-03-08,0.0,0.0,0.0,2022-03-07 19:00:03,2022-03-07 19:00:03
60,2022-03-09,0.0,0.0,0.0,2022-03-08 19:00:04,2022-03-08 19:00:04
61,2022-03-10,0.0,0.0,0.0,2022-03-09 19:00:06,2022-03-09 19:00:06
62,2022-03-11,0.0,0.0,0.0,2022-03-10 19:00:01,2022-03-10 19:00:01
63,2022-03-12,0.0,0.0,0.0,2022-03-11 19:00:03,2022-03-11 19:00:03
64,2022-03-13,0.0,0.0,0.0,2022-03-12 19:00:02,2022-03-12 19:00:02
65,2022-03-14,0.0,0.0,0.0,2022-03-13 20:00:04,2022-03-13 20:00:04
66,2022-03-15,0.0,0.0,0.0,2022-03-14 20:00:05,2022-03-14 20:00:05
67,2022-03-16,0.0,0.0,0.0,2022-03-15 20:00:04,2022-03-15 20:00:04
68,2022-03-17,0.0,0.0,0.0,2022-03-16 20:00:05,2022-03-16 20:00:05
69,2022-03-18,0.0,0.0,0.0,2022-03-17 20:00:03,2022-03-17 20:00:03
70,2022-03-19,0.0,0.0,0.0,2022-03-18 20:00:03,2022-03-18 20:00:03
71,2022-03-20,0.0,0.0,0.0,2022-03-19 20:00:02,2022-03-19 20:00:02
72,2022-03-21,0.0,0.0,0.0,2022-03-20 20:00:05,2022-03-20 20:00:05
73,2022-03-22,0.0,0.0,0.0,2022-03-21 20:00:04,2022-03-21 20:00:04
74,2022-03-23,0.0,0.0,0.0,2022-03-22 20:00:06,2022-03-22 20:00:06
75,2022-03-24,0.0,0.0,0.0,2022-03-23 20:00:01,2022-03-23 20:00:01
76,2022-03-25,0.0,0.0,0.0,2022-03-24 20:00:05,2022-03-24 20:00:05
77,2022-03-26,0.0,0.0,0.0,2022-03-25 20:00:02,2022-03-25 20:00:02
78,2022-03-27,0.0,0.0,0.0,2022-03-26 20:00:04,2022-03-26 20:00:04
79,2022-03-28,0.0,0.0,0.0,2022-03-27 20:00:03,2022-03-27 20:00:03
80,2022-03-29,0.0,0.0,0.0,2022-03-28 20:00:02,2022-03-28 20:00:02
81,2022-03-30,0.0,0.0,0.0,2022-03-29 20:00:05,2022-03-29 20:00:05
82,2022-03-31,0.0,0.0,0.0,2022-03-30 20:00:05,2022-03-30 20:00:05
83,2022-04-01,48.0,0.0,48.0,2022-03-31 20:00:06,2022-04-01 07:12:21
84,2022-04-02,0.0,0.0,0.0,2022-04-01 20:00:02,2022-04-01 20:00:02
85,2022-04-03,0.0,0.0,0.0,2022-04-02 20:00:02,2022-04-02 20:00:02
86,2022-04-04,0.0,0.0,0.0,2022-04-03 20:00:02,2022-04-03 20:00:02
87,2022-04-05,0.0,0.0,0.0,2022-04-04 20:00:05,2022-04-04 20:00:05
88,2022-04-06,0.0,0.0,0.0,2022-04-05 20:00:07,2022-04-05 20:00:07
89,2022-04-07,0.0,0.0,0.0,2022-04-06 20:00:02,2022-04-06 20:00:02
90,2022-04-08,0.0,0.0,0.0,2022-04-07 20:00:05,2022-04-07 20:00:05
91,2022-04-09,0.0,0.0,0.0,2022-04-08 20:00:03,2022-04-08 20:00:03
92,2022-04-10,0.0,0.0,0.0,2022-04-09 20:00:06,2022-04-09 20:00:06
93,2022-04-11,0.0,0.0,0.0,2022-04-10 20:00:06,2022-04-10 20:00:06
94,2022-04-12,0.0,0.0,0.0,2022-04-11 20:00:02,2022-04-11 20:00:02
95,2022-04-13,0.0,0.0,0.0,2022-04-12 20:00:05,2022-04-12 20:00:05
96,2022-04-14,0.0,0.0,0.0,2022-04-13 20:00:05,2022-04-13 20:00:05
97,2022-04-15,0.0,0.0,0.0,2022-04-14 20:00:02,2022-04-14 20:00:02
98,2022-04-16,0.0,0.0,0.0,2022-04-15 20:00:03,2022-04-15 20:00:03
99,2022-04-17,0.0,0.0,0.0,2022-04-16 20:00:06,2022-04-16 20:00:06
100,2022-04-18,0.0,0.0,0.0,2022-04-17 20:00:05,2022-04-17 20:00:05
101,2022-04-19,0.0,0.0,0.0,2022-04-18 20:00:05,2022-04-18 20:00:05
102,2022-04-20,0.0,0.0,0.0,2022-04-19 20:00:06,2022-04-19 20:00:06
103,2022-04-21,0.0,0.0,0.0,2022-04-20 20:00:02,2022-04-20 20:00:02
104,2022-04-22,0.0,0.0,0.0,2022-04-21 20:00:01,2022-04-21 20:00:01
105,2022-04-23,0.0,0.0,0.0,2022-04-22 20:00:05,2022-04-22 20:00:05
106,2022-04-24,0.0,0.0,0.0,2022-04-23 20:00:05,2022-04-23 20:00:05
107,2022-04-25,0.0,0.0,0.0,2022-04-24 20:00:03,2022-04-24 20:00:03
108,2022-04-26,0.0,0.0,0.0,2022-04-25 20:00:05,2022-04-25 20:00:05
109,2022-04-27,0.0,0.0,0.0,2022-04-26 20:00:03,2022-04-26 20:00:03
110,2022-04-28,0.0,0.0,0.0,2022-04-27 20:00:02,2022-04-27 20:00:02
111,2022-04-29,0.0,0.0,0.0,2022-04-28 20:00:05,2022-04-28 20:00:05
112,2022-04-30,0.0,0.0,0.0,2022-04-29 20:00:03,2022-04-29 20:00:03
113,2022-05-01,0.0,0.0,0.0,2022-04-30 20:00:05,2022-04-30 20:00:05
114,2022-05-02,0.0,0.0,0.0,2022-05-01 20:00:05,2022-05-01 20:00:05
115,2022-05-03,0.0,0.0,0.0,2022-05-02 20:00:02,2022-05-02 20:00:02
116,2022-05-04,0.0,0.0,0.0,2022-05-03 20:00:02,2022-05-03 20:00:02
117,2022-05-05,0.0,0.0,0.0,2022-05-04 20:00:02,2022-05-04 20:00:02
118,2022-05-06,0.0,0.0,0.0,2022-05-05 20:00:05,2022-05-05 20:00:05
119,2022-05-07,0.0,0.0,0.0,2022-05-06 20:00:04,2022-05-06 20:00:04
120,2022-05-08,0.0,0.0,0.0,2022-05-07 20:00:03,2022-05-07 20:00:03
121,2022-05-09,0.0,0.0,0.0,2022-05-08 20:00:04,2022-05-08 20:00:04
122,2022-05-10,0.0,0.0,0.0,2022-05-09 20:00:04,2022-05-09 20:00:04
123,2022-05-11,0.0,0.0,0.0,2022-05-10 20:00:06,2022-05-10 20:00:06
124,2022-05-12,0.0,0.0,0.0,2022-05-11 20:00:01,2022-05-11 20:00:01
125,2022-05-13,0.0,0.0,0.0,2022-05-12 20:00:04,2022-05-12 20:00:04
126,2022-05-14,0.0,0.0,0.0,2022-05-13 20:00:06,2022-05-13 20:00:06
127,2022-05-15,0.0,0.0,0.0,2022-05-14 20:00:03,2022-05-14 20:00:03
128,2022-05-16,0.0,0.0,0.0,2022-05-15 20:00:06,2022-05-15 20:00:06
129,2022-05-17,0.0,0.0,0.0,2022-05-16 20:00:04,2022-05-16 20:00:04
130,2022-05-18,0.0,0.0,0.0,2022-05-17 20:00:05,2022-05-17 20:00:05
131,2022-05-19,0.0,0.0,0.0,2022-05-18 20:00:01,2022-05-18 20:00:01
132,2022-05-20,0.0,0.0,0.0,2022-05-19 20:00:05,2022-05-19 20:00:05
133,2022-05-21,0.0,0.0,0.0,2022-05-20 20:00:03,2022-05-20 20:00:03
134,2022-05-22,0.0,0.0,0.0,2022-05-21 20:00:03,2022-05-21 20:00:03
135,2022-05-23,0.0,0.0,0.0,2022-05-22 20:00:04,2022-05-22 20:00:04
136,2022-05-24,0.0,0.0,0.0,2022-05-23 20:00:06,2022-05-23 20:00:06
137,2022-05-25,0.0,0.0,0.0,2022-05-24 20:00:05,2022-05-24 20:00:05
138,2022-05-26,0.0,0.0,0.0,2022-05-25 20:00:06,2022-05-25 20:00:06
139,2022-05-27,0.0,0.0,0.0,2022-05-26 20:00:05,2022-05-26 20:00:05
140,2022-05-28,0.0,0.0,0.0,2022-05-27 20:00:04,2022-05-27 20:00:04
141,2022-05-29,0.0,0.0,0.0,2022-05-28 20:00:03,2022-05-28 20:00:03
142,2022-05-30,0.0,0.0,0.0,2022-05-29 20:00:04,2022-05-29 20:00:04
143,2022-05-31,0.0,0.0,0.0,2022-05-30 20:00:04,2022-05-30 20:00:04
144,2022-06-01,0.0,0.0,0.0,2022-05-31 20:00:02,2022-05-31 20:00:02
145,2022-06-02,0.0,0.0,0.0,2022-06-01 20:00:03,2022-06-01 20:00:03
146,2022-06-03,0.0,0.0,0.0,2022-06-02 20:00:02,2022-06-02 20:00:02
147,2022-06-04,0.0,0.0,0.0,2022-06-03 20:00:06,2022-06-03 20:00:06
148,2022-06-05,0.0,0.0,0.0,2022-06-04 20:00:03,2022-06-04 20:00:03
149,2022-06-06,0.0,0.0,0.0,2022-06-05 20:00:01,2022-06-05 20:00:01
150,2022-06-07,0.0,0.0,0.0,2022-06-06 20:00:04,2022-06-06 20:00:04
151,2022-06-08,0.0,0.0,0.0,2022-06-07 20:00:05,2022-06-07 20:00:05
152,2022-06-09,0.0,0.0,0.0,2022-06-08 20:00:01,2022-06-08 20:00:01
153,2022-06-10,0.0,0.0,0.0,2022-06-09 20:00:05,2022-06-09 20:00:05
154,2022-06-11,0.0,0.0,0.0,2022-06-10 20:00:01,2022-06-10 20:00:01
155,2022-06-12,0.0,0.0,0.0,2022-06-11 20:00:01,2022-06-11 20:00:01
156,2022-06-13,0.0,0.0,0.0,2022-06-12 20:00:06,2022-06-12 20:00:06
157,2022-06-14,0.0,0.0,0.0,2022-06-13 20:00:05,2022-06-13 20:00:05
158,2022-06-15,0.0,0.0,0.0,2022-06-14 20:00:02,2022-06-14 20:00:02
159,2022-06-16,0.0,0.0,0.0,2022-06-15 20:00:05,2022-06-15 20:00:05
160,2022-06-17,0.0,0.0,0.0,2022-06-16 20:00:06,2022-06-16 20:00:06
161,2022-06-18,0.0,0.0,0.0,2022-06-17 20:00:01,2022-06-17 20:00:01
162,2022-06-19,0.0,0.0,0.0,2022-06-18 20:00:04,2022-06-18 20:00:04
163,2022-06-20,0.0,0.0,0.0,2022-06-19 20:00:02,2022-06-19 20:00:02
164,2022-06-21,0.0,0.0,0.0,2022-06-20 20:00:02,2022-06-20 20:00:02
165,2022-06-22,0.0,0.0,0.0,2022-06-21 20:00:06,2022-06-21 20:00:06
166,2022-06-23,0.0,0.0,0.0,2022-06-22 20:00:06,2022-06-22 20:00:06
167,2022-06-24,0.0,0.0,0.0,2022-06-23 20:00:05,2022-06-23 20:00:05
168,2022-06-25,0.0,0.0,0.0,2022-06-24 20:00:03,2022-06-24 20:00:03
169,2022-06-26,0.0,0.0,0.0,2022-06-25 20:00:03,2022-06-25 20:00:03
170,2022-06-27,0.0,0.0,0.0,2022-06-26 20:00:06,2022-06-26 20:00:06
171,2022-06-28,0.0,0.0,0.0,2022-06-27 20:00:04,2022-06-27 20:00:04
172,2022-06-29,0.0,0.0,0.0,2022-06-28 20:00:02,2022-06-28 20:00:02
173,2022-06-30,0.0,0.0,0.0,2022-06-29 20:00:03,2022-06-29 20:00:03
174,2022-07-01,0.0,0.0,0.0,2022-06-30 20:00:04,2022-06-30 20:00:04
175,2022-07-02,0.0,0.0,0.0,2022-07-01 20:00:03,2022-07-01 20:00:03
176,2022-07-03,0.0,0.0,0.0,2022-07-02 20:00:02,2022-07-02 20:00:02
177,2022-07-04,0.0,0.0,0.0,2022-07-03 20:00:06,2022-07-03 20:00:06
178,2022-07-05,0.0,0.0,0.0,2022-07-04 20:00:04,2022-07-04 20:00:04
179,2022-07-06,0.0,0.0,0.0,2022-07-05 20:00:06,2022-07-05 20:00:06
180,2022-07-07,0.0,0.0,0.0,2022-07-06 20:00:03,2022-07-06 20:00:03
181,2022-07-08,0.0,0.0,0.0,2022-07-07 20:00:04,2022-07-07 20:00:04
182,2022-07-09,0.0,0.0,0.0,2022-07-08 20:00:02,2022-07-08 20:00:02
183,2022-07-10,0.0,0.0,0.0,2022-07-09 20:00:05,2022-07-09 20:00:05
184,2022-07-11,0.0,0.0,0.0,2022-07-10 20:00:01,2022-07-10 20:00:01
185,2022-07-12,0.0,0.0,0.0,2022-07-11 20:00:06,2022-07-11 20:00:06
186,2022-07-13,0.0,0.0,0.0,2022-07-12 20:00:02,2022-07-12 20:00:02
187,2022-07-14,0.0,0.0,0.0,2022-07-13 20:00:04,2022-07-13 20:00:04
188,2022-07-15,0.0,0.0,0.0,2022-07-14 20:00:02,2022-07-14 20:00:02
189,2022-07-16,0.0,0.0,0.0,2022-07-15 20:00:03,2022-07-15 20:00:03
190,2022-07-17,0.0,0.0,0.0,2022-07-16 20:00:05,2022-07-16 20:00:05
191,2022-07-18,0.0,0.0,0.0,2022-07-17 20:00:03,2022-07-17 20:00:03
192,2022-07-19,0.0,0.0,0.0,2022-07-18 20:00:06,2022-07-18 20:00:06
193,2022-07-20,0.0,0.0,0.0,2022-07-19 20:00:04,2022-07-19 20:00:04
194,2022-07-21,0.0,0.0,0.0,2022-07-20 20:00:04,2022-07-20 20:00:04
195,2022-07-22,0.0,0.0,0.0,2022-07-21 20:00:06,2022-07-21 20:00:06
196,2022-07-23,0.0,0.0,0.0,2022-07-22 20:00:04,2022-07-22 20:00:04
197,2022-07-24,0.0,0.0,0.0,2022-07-23 20:00:05,2022-07-23 20:00:05
198,2022-07-25,0.0,0.0,0.0,2022-07-24 20:00:05,2022-07-24 20:00:05
199,2022-07-26,0.0,0.0,0.0,2022-07-25 20:00:02,2022-07-25 20:00:02
200,2022-07-27,0.0,0.0,0.0,2022-07-26 20:00:04,2022-07-26 20:00:04
201,2022-07-28,0.0,0.0,0.0,2022-07-27 20:00:06,2022-07-27 20:00:06
202,2022-07-29,0.0,0.0,0.0,2022-07-28 20:00:02,2022-07-28 20:00:02
203,2022-07-30,0.0,0.0,0.0,2022-07-29 20:00:03,2022-07-29 20:00:03
204,2022-07-31,0.0,0.0,0.0,2022-07-30 20:00:04,2022-07-30 20:00:04
205,2022-08-01,0.0,0.0,0.0,2022-07-31 20:00:05,2022-07-31 20:00:05
206,2022-08-02,0.0,0.0,0.0,2022-08-01 20:00:03,2022-08-01 20:00:03
207,2022-08-03,0.0,0.0,0.0,2022-08-02 20:00:01,2022-08-02 20:00:01
208,2022-08-04,0.0,0.0,0.0,2022-08-03 20:00:04,2022-08-03 20:00:04
209,2022-08-05,0.0,0.0,0.0,2022-08-04 20:00:03,2022-08-04 20:00:03
210,2022-08-06,0.0,0.0,0.0,2022-08-05 20:00:05,2022-08-05 20:00:05
211,2022-08-07,0.0,0.0,0.0,2022-08-06 20:00:04,2022-08-06 20:00:04
212,2022-08-08,0.0,0.0,0.0,2022-08-07 20:00:02,2022-08-07 20:00:02
213,2022-08-09,0.0,0.0,0.0,2022-08-08 20:00:02,2022-08-08 20:00:02
214,2022-08-10,0.0,0.0,0.0,2022-08-09 20:00:03,2022-08-09 20:00:03
215,2022-08-11,0.0,0.0,0.0,2022-08-10 20:00:02,2022-08-10 20:00:02
216,2022-08-12,0.0,0.0,0.0,2022-08-11 20:00:03,2022-08-11 20:00:03
217,2022-08-13,0.0,0.0,0.0,2022-08-12 20:00:04,2022-08-12 20:00:04
218,2022-08-14,0.0,0.0,0.0,2022-08-13 20:00:03,2022-08-13 20:00:03
219,2022-08-15,0.0,0.0,0.0,2022-08-14 20:00:06,2022-08-14 20:00:06
220,2022-08-16,0.0,0.0,0.0,2022-08-15 20:00:05,2022-08-15 20:00:05
221,2022-08-17,0.0,0.0,0.0,2022-08-16 20:00:05,2022-08-16 20:00:05
222,2022-08-18,0.0,0.0,0.0,2022-08-17 20:00:05,2022-08-17 20:00:05
223,2022-08-19,0.0,0.0,0.0,2022-08-18 20:00:05,2022-08-18 20:00:05
224,2022-08-20,0.0,0.0,0.0,2022-08-19 20:00:05,2022-08-19 20:00:05
225,2022-08-21,0.0,0.0,0.0,2022-08-20 20:00:01,2022-08-20 20:00:01
226,2022-08-22,0.0,0.0,0.0,2022-08-21 20:00:03,2022-08-21 20:00:03
227,2022-08-23,0.0,0.0,0.0,2022-08-22 20:00:03,2022-08-22 20:00:03
228,2022-08-24,0.0,0.0,0.0,2022-08-23 20:00:02,2022-08-23 20:00:02
229,2022-08-25,0.0,0.0,0.0,2022-08-24 20:00:02,2022-08-24 20:00:02
230,2022-08-26,0.0,0.0,0.0,2022-08-25 20:00:06,2022-08-25 20:00:06
231,2022-08-27,0.0,0.0,0.0,2022-08-26 20:00:05,2022-08-26 20:00:05
232,2022-08-28,0.0,0.0,0.0,2022-08-27 20:00:03,2022-08-27 20:00:03
233,2022-08-29,0.0,0.0,0.0,2022-08-28 20:00:04,2022-08-28 20:00:04
234,2022-08-30,0.0,0.0,0.0,2022-08-29 20:00:03,2022-08-29 20:00:03
235,2022-08-31,0.0,0.0,0.0,2022-08-30 20:00:04,2022-08-30 20:00:04
236,2022-09-01,0.0,0.0,0.0,2022-08-31 20:00:05,2022-08-31 20:00:05
237,2022-09-02,0.0,0.0,0.0,2022-09-01 20:00:06,2022-09-01 20:00:06
238,2022-09-03,0.0,0.0,0.0,2022-09-02 20:00:02,2022-09-02 20:00:02
239,2022-09-04,0.0,0.0,0.0,2022-09-03 20:00:04,2022-09-03 20:00:04
240,2022-09-05,0.0,0.0,0.0,2022-09-04 20:00:05,2022-09-04 20:00:05
241,2022-09-06,0.0,0.0,0.0,2022-09-05 20:00:06,2022-09-05 20:00:06
242,2022-09-07,0.0,0.0,0.0,2022-09-06 20:00:02,2022-09-06 20:00:02
243,2022-09-08,0.0,0.0,0.0,2022-09-07 20:00:05,2022-09-07 20:00:05
244,2022-09-09,0.0,0.0,0.0,2022-09-08 20:00:04,2022-09-08 20:00:04
245,2022-09-10,0.0,0.0,0.0,2022-09-09 20:00:03,2022-09-09 20:00:03
246,2022-09-11,0.0,0.0,0.0,2022-09-10 20:00:03,2022-09-10 20:00:03
247,2022-09-12,0.0,0.0,0.0,2022-09-11 20:00:05,2022-09-11 20:00:05
248,2022-09-13,0.0,0.0,0.0,2022-09-12 20:00:03,2022-09-12 20:00:03
249,2022-09-14,0.0,0.0,0.0,2022-09-13 20:00:03,2022-09-13 20:00:03
250,2022-09-15,0.0,0.0,0.0,2022-09-14 20:00:06,2022-09-14 20:00:06
251,2022-09-16,0.0,0.0,0.0,2022-09-15 20:00:02,2022-09-15 20:00:02
252,2022-09-17,0.0,0.0,0.0,2022-09-16 20:00:06,2022-09-16 20:00:06
253,2022-09-18,0.0,0.0,0.0,2022-09-17 20:00:03,2022-09-17 20:00:03
254,2022-09-19,0.0,0.0,0.0,2022-09-18 20:00:03,2022-09-18 20:00:03
255,2022-09-20,0.0,0.0,0.0,2022-09-19 20:00:06,2022-09-19 20:00:06
256,2022-09-21,0.0,0.0,0.0,2022-09-20 20:00:06,2022-09-20 20:00:06
257,2022-09-22,0.0,0.0,0.0,2022-09-21 20:00:02,2022-09-21 20:00:02
258,2022-09-23,0.0,0.0,0.0,2022-09-22 20:00:04,2022-09-22 20:00:04
259,2022-09-24,0.0,0.0,0.0,2022-09-23 20:00:02,2022-09-23 20:00:02
260,2022-09-25,0.0,0.0,0.0,2022-09-24 20:00:04,2022-09-24 20:00:04
261,2022-09-26,0.0,0.0,0.0,2022-09-25 20:00:03,2022-09-25 20:00:03
262,2022-09-27,0.0,0.0,0.0,2022-09-26 20:00:06,2022-09-26 20:00:06
263,2022-09-28,0.0,0.0,0.0,2022-09-27 20:00:03,2022-09-27 20:00:03
264,2022-09-29,0.0,0.0,0.0,2022-09-28 20:00:04,2022-09-28 20:00:04
265,2022-09-30,0.0,0.0,0.0,2022-09-29 20:00:04,2022-09-29 20:00:04
266,2022-10-01,0.0,0.0,0.0,2022-09-30 20:00:02,2022-09-30 20:00:02
267,2022-10-02,0.0,0.0,0.0,2022-10-01 20:00:03,2022-10-01 20:00:03
268,2022-10-03,5.0,5.0,0.0,2022-10-02 20:00:02,2022-10-03 00:13:50
269,2022-10-04,0.0,0.0,0.0,2022-10-03 20:00:06,2022-10-03 20:00:06
270,2022-10-05,0.0,0.0,0.0,2022-10-04 20:00:04,2022-10-04 20:00:04
271,2022-10-06,0.0,0.0,0.0,2022-10-05 20:00:05,2022-10-05 20:00:05
272,2022-10-07,0.0,0.0,0.0,2022-10-06 20:00:04,2022-10-06 20:00:04
273,2022-10-08,0.0,0.0,0.0,2022-10-07 20:00:06,2022-10-07 20:00:06
274,2022-10-09,0.0,0.0,0.0,2022-10-08 20:00:06,2022-10-08 20:00:06
275,2022-10-10,0.0,0.0,0.0,2022-10-09 20:00:01,2022-10-09 20:00:01
276,2022-10-11,0.0,0.0,0.0,2022-10-10 20:00:06,2022-10-10 20:00:06
277,2022-10-12,0.0,0.0,0.0,2022-10-11 20:00:02,2022-10-11 20:00:02
278,2022-10-13,0.0,0.0,0.0,2022-10-12 20:00:03,2022-10-12 20:00:03
279,2022-10-14,0.0,0.0,0.0,2022-10-13 20:00:02,2022-10-13 20:00:02
280,2022-10-15,0.0,0.0,0.0,2022-10-14 20:00:02,2022-10-14 20:00:02
281,2022-10-16,0.0,0.0,0.0,2022-10-15 20:00:06,2022-10-15 20:00:06
282,2022-10-17,0.0,0.0,0.0,2022-10-16 20:00:05,2022-10-16 20:00:05
283,2022-10-18,0.0,0.0,0.0,2022-10-17 20:00:05,2022-10-17 20:00:05
284,2022-10-19,0.0,0.0,0.0,2022-10-18 20:00:02,2022-10-18 20:00:02
285,2022-10-20,0.0,0.0,0.0,2022-10-19 20:00:03,2022-10-19 20:00:03
286,2022-10-21,0.0,0.0,0.0,2022-10-20 20:00:06,2022-10-20 20:00:06
287,2022-10-22,0.0,0.0,0.0,2022-10-21 20:00:03,2022-10-21 20:00:03
288,2022-10-23,0.0,0.0,0.0,2022-10-22 20:00:03,2022-10-22 20:00:03
289,2022-10-24,0.0,0.0,0.0,2022-10-23 20:00:06,2022-10-23 20:00:06
290,2022-10-25,0.0,0.0,0.0,2022-10-24 20:00:01,2022-10-24 20:00:01
291,2022-10-26,0.0,0.0,0.0,2022-10-25 20:00:06,2022-10-25 20:00:06
292,2022-10-27,0.0,0.0,0.0,2022-10-26 20:00:05,2022-10-26 20:00:05
293,2022-10-28,0.0,0.0,0.0,2022-10-27 20:00:03,2022-10-27 20:00:03
294,2022-10-29,0.0,0.0,0.0,2022-10-28 20:00:04,2022-10-28 20:00:04
295,2022-10-30,0.0,0.0,0.0,2022-10-29 20:00:03,2022-10-29 20:00:03
296,2022-10-31,0.0,0.0,0.0,2022-10-30 20:00:02,2022-10-30 20:00:02
297,2022-11-01,0.0,0.0,0.0,2022-10-31 20:00:02,2022-10-31 20:00:02
298,2022-11-02,0.0,0.0,0.0,2022-11-01 20:00:05,2022-11-01 20:00:05
299,2022-11-03,0.0,0.0,0.0,2022-11-02 20:00:04,2022-11-02 20:00:04
300,2022-11-04,0.0,0.0,0.0,2022-11-03 20:00:02,2022-11-03 20:00:02
301,2022-11-05,0.0,0.0,0.0,2022-11-04 20:00:06,2022-11-04 20:00:06
302,2022-11-06,0.0,0.0,0.0,2022-11-05 20:00:03,2022-11-05 20:00:03
303,2022-11-07,0.0,0.0,0.0,2022-11-06 19:00:03,2022-11-06 19:00:03
304,2022-11-08,0.0,0.0,0.0,2022-11-07 19:00:03,2022-11-07 19:00:03
305,2022-11-09,0.0,0.0,0.0,2022-11-08 19:00:02,2022-11-08 19:00:02
306,2022-11-10,0.0,0.0,0.0,2022-11-09 19:00:02,2022-11-09 19:00:02
307,2022-11-11,0.0,0.0,0.0,2022-11-10 19:00:04,2022-11-10 19:00:04
308,2022-11-12,0.0,0.0,0.0,2022-11-11 19:00:05,2022-11-11 19:00:05
309,2022-11-13,0.0,0.0,0.0,2022-11-12 19:00:05,2022-11-12 19:00:05
310,2022-11-14,0.0,0.0,0.0,2022-11-13 19:00:02,2022-11-13 19:00:02
311,2022-11-15,0.0,0.0,0.0,2022-11-14 19:00:04,2022-11-14 19:00:04
312,2022-11-16,0.0,0.0,0.0,2022-11-15 19:00:03,2022-11-15 19:00:03
313,2022-11-17,0.0,0.0,0.0,2022-11-16 19:00:06,2022-11-16 19:00:06
314,2022-11-18,0.0,0.0,0.0,2022-11-17 19:00:06,2022-11-17 19:00:06
315,2022-11-19,0.0,0.0,0.0,2022-11-18 19:00:02,2022-11-18 19:00:02
316,2022-11-20,0.0,0.0,0.0,2022-11-19 19:00:06,2022-11-19 19:00:06
317,2022-11-21,0.0,0.0,0.0,2022-11-20 19:00:04,2022-11-20 19:00:04
318,2022-11-22,0.0,0.0,0.0,2022-11-21 19:00:07,2022-11-21 19:00:07
319,2022-11-23,0.0,0.0,0.0,2022-11-22 19:00:02,2022-11-22 19:00:02
320,2022-11-24,0.0,0.0,0.0,2022-11-23 19:00:05,2022-11-23 19:00:05
321,2022-11-25,0.0,0.0,0.0,2022-11-24 19:00:04,2022-11-24 19:00:04
322,2022-11-26,0.0,0.0,0.0,2022-11-25 19:00:06,2022-11-25 19:00:06
323,2022-11-27,0.0,0.0,0.0,2022-11-26 19:00:03,2022-11-26 19:00:03
324,2022-11-28,0.0,0.0,0.0,2022-11-27 19:00:03,2022-11-27 19:00:03
325,2022-11-29,0.0,0.0,0.0,2022-11-28 19:00:03,2022-11-28 19:00:03
326,2022-11-30,0.0,0.0,0.0,2022-11-29 19:00:06,2022-11-29 19:00:06
327,2022-12-01,0.0,0.0,0.0,2022-11-30 19:00:03,2022-11-30 19:00:03
328,2022-12-02,0.0,0.0,0.0,2022-12-01 19:00:01,2022-12-01 19:00:01
329,2022-12-03,0.0,0.0,0.0,2022-12-02 19:00:03,2022-12-02 19:00:03
330,2022-12-04,0.0,0.0,0.0,2022-12-03 19:00:04,2022-12-03 19:00:04
331,2022-12-05,0.0,0.0,0.0,2022-12-04 19:00:03,2022-12-04 19:00:03
332,2022-12-06,0.0,0.0,0.0,2022-12-05 19:00:02,2022-12-05 19:00:02
333,2022-12-07,0.0,0.0,0.0,2022-12-06 19:00:06,2022-12-06 19:00:06
334,2022-12-08,0.0,0.0,0.0,2022-12-07 19:00:05,2022-12-07 19:00:05
335,2022-12-09,0.0,0.0,0.0,2022-12-08 19:00:05,2022-12-08 19:00:05
336,2022-12-10,0.0,0.0,0.0,2022-12-09 19:00:06,2022-12-09 19:00:06
337,2022-12-11,0.0,0.0,0.0,2022-12-10 19:00:07,2022-12-10 19:00:07
338,2022-12-12,0.0,0.0,0.0,2022-12-11 19:00:04,2022-12-11 19:00:04
339,2022-12-13,0.0,0.0,0.0,2022-12-12 19:00:05,2022-12-12 19:00:05
340,2022-12-14,0.0,0.0,0.0,2022-12-13 19:00:05,2022-12-13 19:00:05
341,2022-12-15,0.0,0.0,0.0,2022-12-14 19:00:04,2022-12-14 19:00:04
342,2022-12-16,0.0,0.0,0.0,2022-12-15 19:00:03,2022-12-15 19:00:03
343,2022-12-17,0.0,0.0,0.0,2022-12-16 19:00:03,2022-12-16 19:00:03
344,2022-12-18,0.0,0.0,0.0,2022-12-17 19:00:02,2022-12-17 19:00:02
345,2022-12-19,0.0,0.0,0.0,2022-12-18 19:00:03,2022-12-18 19:00:03
346,2022-12-20,0.0,0.0,0.0,2022-12-19 19:00:05,2022-12-19 19:00:05
347,2022-12-21,0.0,0.0,0.0,2022-12-20 19:00:04,2022-12-20 19:00:04
348,2022-12-22,0.0,0.0,0.0,2022-12-21 19:00:04,2022-12-21 19:00:04
349,2022-12-23,0.0,0.0,0.0,2022-12-22 19:00:05,2022-12-22 19:00:05
350,2022-12-24,0.0,0.0,0.0,2022-12-23 19:00:03,2022-12-23 19:00:03
351,2022-12-25,0.0,0.0,0.0,2022-12-24 19:00:08,2022-12-24 19:00:08
352,2022-12-26,0.0,0.0,0.0,2022-12-25 19:00:03,2022-12-25 19:00:03
353,2022-12-27,0.0,0.0,0.0,2022-12-26 19:00:04,2022-12-26 19:00:04
354,2022-12-28,0.0,0.0,0.0,2022-12-27 19:00:03,2022-12-27 19:00:03
355,2022-12-29,0.0,0.0,0.0,2022-12-28 19:00:04,2022-12-28 19:00:04
356,2022-12-30,0.0,0.0,0.0,2022-12-29 19:00:03,2022-12-29 19:00:03
357,2022-12-31,0.0,0.0,0.0,2022-12-30 19:00:03,2022-12-30 19:00:03
358,2023-01-01,0.0,0.0,0.0,2022-12-31 19:00:05,2022-12-31 19:00:05
359,2023-01-02,0.0,0.0,0.0,2023-01-01 19:00:07,2023-01-01 19:00:07
360,2023-01-03,0.0,0.0,0.0,2023-01-02 19:00:07,2023-01-02 19:00:07
361,2023-01-04,0.0,0.0,0.0,2023-01-03 19:00:03,2023-01-03 19:00:03
362,2023-01-05,0.0,0.0,0.0,2023-01-04 19:00:07,2023-01-04 19:00:07
363,2023-01-06,0.0,0.0,0.0,2023-01-05 19:00:07,2023-01-05 19:00:07
364,2023-01-07,0.0,0.0,0.0,2023-01-06 19:00:03,2023-01-06 19:00:03
365,2023-01-08,0.0,0.0,0.0,2023-01-07 19:00:08,2023-01-07 19:00:08
366,2023-01-09,0.0,0.0,0.0,2023-01-08 19:00:03,2023-01-08 19:00:03
367,2023-01-10,0.0,0.0,0.0,2023-01-09 19:00:08,2023-01-09 19:00:08
368,2023-01-11,0.0,0.0,0.0,2023-01-10 19:00:06,2023-01-10 19:00:06
369,2023-01-12,0.0,0.0,0.0,2023-01-11 19:00:07,2023-01-11 19:00:07
370,2023-01-13,0.0,0.0,0.0,2023-01-12 19:00:03,2023-01-12 19:00:03
371,2023-01-14,0.0,0.0,0.0,2023-01-13 19:00:05,2023-01-13 19:00:05
372,2023-01-15,0.0,0.0,0.0,2023-01-14 19:00:03,2023-01-14 19:00:03
373,2023-01-16,0.0,0.0,0.0,2023-01-15 19:00:05,2023-01-15 19:00:05
374,2023-01-17,0.0,0.0,0.0,2023-01-16 19:00:05,2023-01-16 19:00:05
375,2023-01-18,0.0,0.0,0.0,2023-01-17 19:00:05,2023-01-17 19:00:05
376,2023-01-19,0.0,0.0,0.0,2023-01-18 19:00:05,2023-01-18 19:00:05
377,2023-01-20,0.0,0.0,0.0,2023-01-19 19:00:05,2023-01-19 19:00:05
378,2023-01-21,0.0,0.0,0.0,2023-01-20 19:00:04,2023-01-20 19:00:04
379,2023-01-22,0.0,0.0,0.0,2023-01-21 19:00:05,2023-01-21 19:00:05
380,2023-01-23,0.0,0.0,0.0,2023-01-22 19:00:07,2023-01-22 19:00:07
381,2023-01-24,0.0,0.0,0.0,2023-01-23 19:00:04,2023-01-23 19:00:04
382,2023-01-25,0.0,0.0,0.0,2023-01-24 19:00:03,2023-01-24 19:00:03
383,2023-01-26,0.0,0.0,0.0,2023-01-25 19:00:04,2023-01-25 19:00:04
384,2023-01-27,0.0,0.0,0.0,2023-01-26 19:00:05,2023-01-26 19:00:05
385,2023-01-28,0.0,0.0,0.0,2023-01-27 19:00:02,2023-01-27 19:00:02
386,2023-01-29,0.0,0.0,0.0,2023-01-28 19:00:07,2023-01-28 19:00:07
387,2023-01-30,0.0,0.0,0.0,2023-01-29 19:00:04,2023-01-29 19:00:04
388,2023-01-31,0.0,0.0,0.0,2023-01-30 19:00:03,2023-01-30 19:00:03
389,2023-02-01,0.0,0.0,0.0,2023-01-31 19:00:02,2023-01-31 19:00:02
390,2023-02-02,0.0,0.0,0.0,2023-02-01 19:00:06,2023-02-01 19:00:06
391,2023-02-03,0.0,0.0,0.0,2023-02-02 19:00:05,2023-02-02 19:00:05
392,2023-02-04,0.0,0.0,0.0,2023-02-03 19:00:04,2023-02-03 19:00:04
393,2023-02-05,0.0,0.0,0.0,2023-02-04 19:00:02,2023-02-04 19:00:02
394,2023-02-06,0.0,0.0,0.0,2023-02-05 19:00:03,2023-02-05 19:00:03
395,2023-02-07,0.0,0.0,0.0,2023-02-06 19:00:04,2023-02-06 19:00:04
396,2023-02-08,0.0,0.0,0.0,2023-02-07 19:00:02,2023-02-07 19:00:02
397,2023-02-09,0.0,0.0,0.0,2023-02-08 19:00:06,2023-02-08 19:00:06
398,2023-02-10,0.0,0.0,0.0,2023-02-09 19:00:05,2023-02-09 19:00:05
399,2023-02-11,0.0,0.0,0.0,2023-02-10 19:00:05,2023-02-10 19:00:05
400,2023-02-12,0.0,0.0,0.0,2023-02-11 19:00:04,2023-02-11 19:00:04
401,2023-02-13,0.0,0.0,0.0,2023-02-12 19:00:01,2023-02-12 19:00:01
402,2023-02-14,0.0,0.0,0.0,2023-02-13 19:00:04,2023-02-13 19:00:04
403,2023-02-15,0.0,0.0,0.0,2023-02-14 19:00:05,2023-02-14 19:00:05
404,2023-02-16,0.0,0.0,0.0,2023-02-15 19:00:02,2023-02-15 19:00:02
405,2023-02-17,0.0,0.0,0.0,2023-02-16 19:00:05,2023-02-16 19:00:05
406,2023-02-18,0.0,0.0,0.0,2023-02-17 19:00:03,2023-02-17 19:00:03
407,2023-02-19,0.0,0.0,0.0,2023-02-18 19:00:02,2023-02-18 19:00:02
408,2023-02-20,0.0,0.0,0.0,2023-02-19 19:00:02,2023-02-19 19:00:02
409,2023-02-21,0.0,0.0,0.0,2023-02-20 19:00:04,2023-02-20 19:00:04
410,2023-02-22,0.0,0.0,0.0,2023-02-21 19:00:03,2023-02-21 19:00:03
411,2023-02-23,0.0,0.0,0.0,2023-02-22 19:00:06,2023-02-22 19:00:06
412,2023-02-24,0.0,0.0,0.0,2023-02-23 19:00:04,2023-02-23 19:00:04
413,2023-02-25,0.0,0.0,0.0,2023-02-24 19:00:06,2023-02-24 19:00:06
414,2023-02-26,0.0,0.0,0.0,2023-02-25 19:00:06,2023-02-25 19:00:06
415,2023-02-27,0.0,0.0,0.0,2023-02-26 19:00:04,2023-02-26 19:00:04
416,2023-02-28,0.0,0.0,0.0,2023-02-27 19:00:05,2023-02-27 19:00:05
417,2023-03-01,0.0,0.0,0.0,2023-02-28 19:00:04,2023-02-28 19:00:04
418,2023-03-02,0.0,0.0,0.0,2023-03-01 19:00:06,2023-03-01 19:00:06
419,2023-03-03,0.0,0.0,0.0,2023-03-02 19:00:01,2023-03-02 19:00:01
420,2023-03-04,0.0,0.0,0.0,2023-03-03 19:00:03,2023-03-03 19:00:03
421,2023-03-05,0.0,0.0,0.0,2023-03-04 19:00:01,2023-03-04 19:00:01
422,2023-03-06,0.0,0.0,0.0,2023-03-05 19:00:03,2023-03-05 19:00:03
423,2023-03-07,0.0,0.0,0.0,2023-03-06 19:00:03,2023-03-06 19:00:03
424,2023-03-08,0.0,0.0,0.0,2023-03-07 19:00:06,2023-03-07 19:00:06
425,2023-03-09,0.0,0.0,0.0,2023-03-08 19:00:02,2023-03-08 19:00:02
426,2023-03-10,0.0,0.0,0.0,2023-03-09 19:00:03,2023-03-09 19:00:03
427,2023-03-11,0.0,0.0,0.0,2023-03-10 19:00:04,2023-03-10 19:00:04
428,2023-03-12,0.0,0.0,0.0,2023-03-11 19:00:03,2023-03-11 19:00:03
429,2023-03-13,0.0,0.0,0.0,2023-03-12 20:00:04,2023-03-12 20:00:04
430,2023-03-14,0.0,0.0,0.0,2023-03-13 20:00:02,2023-03-13 20:00:02
431,2023-03-15,0.0,0.0,0.0,2023-03-14 20:00:04,2023-03-14 20:00:04
432,2023-03-16,0.0,0.0,0.0,2023-03-15 20:00:05,2023-03-15 20:00:05
433,2023-03-17,0.0,0.0,0.0,2023-03-16 20:00:04,2023-03-16 20:00:04
434,2023-03-18,0.0,0.0,0.0,2023-03-17 20:00:04,2023-03-17 20:00:04
435,2023-03-19,0.0,0.0,0.0,2023-03-18 20:00:07,2023-03-18 20:00:07
436,2023-03-20,0.0,0.0,0.0,2023-03-19 20:00:04,2023-03-19 20:00:04
437,2023-03-21,0.0,0.0,0.0,2023-03-20 20:00:05,2023-03-20 20:00:05
438,2023-03-22,0.0,0.0,0.0,2023-03-21 20:00:06,2023-03-21 20:00:06
439,2023-03-23,0.0,0.0,0.0,2023-03-22 20:00:04,2023-03-22 20:00:04
440,2023-03-24,0.0,0.0,0.0,2023-03-23 20:00:06,2023-03-23 20:00:06
441,2023-03-25,0.0,0.0,0.0,2023-03-24 20:00:03,2023-03-24 20:00:03
442,2023-03-26,0.0,0.0,0.0,2023-03-25 20:00:04,2023-03-25 20:00:04
443,2023-03-27,0.0,0.0,0.0,2023-03-26 20:00:03,2023-03-26 20:00:03
444,2023-03-28,0.0,0.0,0.0,2023-03-27 20:00:06,2023-03-27 20:00:06
445,2023-03-29,0.0,0.0,0.0,2023-03-28 20:00:02,2023-03-28 20:00:02
446,2023-03-30,0.0,0.0,0.0,2023-03-29 20:00:07,2023-03-29 20:00:07
447,2023-03-31,0.0,0.0,0.0,2023-03-30 20:00:02,2023-03-30 20:00:02
448,2023-04-01,0.0,0.0,0.0,2023-03-31 20:00:03,2023-03-31 20:00:03
449,2023-04-02,0.0,0.0,0.0,2023-04-01 20:00:05,2023-04-01 20:00:05
450,2023-04-03,0.0,0.0,0.0,2023-04-02 20:00:04,2023-04-02 20:00:04
451,2023-04-04,0.0,0.0,0.0,2023-04-03 20:00:05,2023-04-03 20:00:05
452,2023-04-05,0.0,0.0,0.0,2023-04-04 20:00:05,2023-04-04 20:00:05
453,2023-04-06,0.0,0.0,0.0,2023-04-05 20:00:05,2023-04-05 20:00:05
454,2023-04-07,0.0,0.0,0.0,2023-04-06 20:00:06,2023-04-06 20:00:06
455,2023-04-08,0.0,0.0,0.0,2023-04-07 20:00:05,2023-04-07 20:00:05
456,2023-04-09,0.0,0.0,0.0,2023-04-08 20:00:06,2023-04-08 20:00:06
457,2023-04-10,0.0,0.0,0.0,2023-04-09 20:00:01,2023-04-09 20:00:01
458,2023-04-11,0.0,0.0,0.0,2023-04-10 20:00:01,2023-04-10 20:00:01
459,2023-04-12,0.0,0.0,0.0,2023-04-11 20:00:07,2023-04-11 20:00:07
460,2023-04-13,0.0,0.0,0.0,2023-04-12 20:00:04,2023-04-12 20:00:04
461,2023-04-14,0.0,0.0,0.0,2023-04-13 20:00:03,2023-04-13 20:00:03
462,2023-04-15,0.0,0.0,0.0,2023-04-14 20:00:03,2023-04-14 20:00:03
463,2023-04-16,0.0,0.0,0.0,2023-04-15 20:00:02,2023-04-15 20:00:02
464,2023-04-17,0.0,0.0,0.0,2023-04-16 20:00:03,2023-04-16 20:00:03
465,2023-04-18,0.0,0.0,0.0,2023-04-17 20:00:02,2023-04-17 20:00:02
466,2023-04-19,0.0,0.0,0.0,2023-04-18 20:00:06,2023-04-18 20:00:06
467,2023-04-20,0.0,0.0,0.0,2023-04-19 20:00:03,2023-04-19 20:00:03
468,2023-04-21,0.0,0.0,0.0,2023-04-20 20:00:02,2023-04-20 20:00:02
469,2023-04-22,0.0,0.0,0.0,2023-04-21 20:00:05,2023-04-21 20:00:05
470,2023-04-23,0.0,0.0,0.0,2023-04-22 20:00:05,2023-04-22 20:00:05
471,2023-04-24,0.0,0.0,0.0,2023-04-23 20:00:02,2023-04-23 20:00:02
472,2023-04-25,0.0,0.0,0.0,2023-04-24 20:00:03,2023-04-24 20:00:03
473,2023-04-26,0.0,0.0,0.0,2023-04-25 20:00:04,2023-04-25 20:00:04
474,2023-04-27,0.0,0.0,0.0,2023-04-26 20:00:06,2023-04-26 20:00:06
475,2023-04-28,0.0,0.0,0.0,2023-04-27 20:00:03,2023-04-27 20:00:03
476,2023-04-29,0.0,0.0,0.0,2023-04-28 20:00:03,2023-04-28 20:00:03
477,2023-04-30,0.0,0.0,0.0,2023-04-29 20:00:03,2023-04-29 20:00:03
478,2023-05-01,0.0,0.0,0.0,2023-04-30 20:00:04,2023-04-30 20:00:04
479,2023-05-02,0.0,0.0,0.0,2023-05-01 20:00:05,2023-05-01 20:00:05
480,2023-05-03,0.0,0.0,0.0,2023-05-02 20:00:06,2023-05-02 20:00:06
481,2023-05-04,0.0,0.0,0.0,2023-05-03 20:00:03,2023-05-03 20:00:03
482,2023-05-05,0.0,0.0,0.0,2023-05-04 20:00:05,2023-05-04 20:00:05
483,2023-05-06,0.0,0.0,0.0,2023-05-05 20:00:03,2023-05-05 20:00:03
484,2023-05-07,0.0,0.0,0.0,2023-05-06 20:00:06,2023-05-06 20:00:06
485,2023-05-08,0.0,0.0,0.0,2023-05-07 20:00:01,2023-05-07 20:00:01
486,2023-05-09,0.0,0.0,0.0,2023-05-08 20:00:06,2023-05-08 20:00:06
487,2023-05-10,0.0,0.0,0.0,2023-05-09 20:00:04,2023-05-09 20:00:04
488,2023-05-11,0.0,0.0,0.0,2023-05-10 20:00:06,2023-05-10 20:00:06
489,2023-05-12,0.0,0.0,0.0,2023-05-11 20:00:02,2023-05-11 20:00:02
490,2023-05-13,0.0,0.0,0.0,2023-05-12 20:00:07,2023-05-12 20:00:07
491,2023-05-14,0.0,0.0,0.0,2023-05-13 20:00:04,2023-05-13 20:00:04
492,2023-05-15,0.0,0.0,0.0,2023-05-14 20:00:03,2023-05-14 20:00:03
493,2023-05-16,0.0,0.0,0.0,2023-05-15 20:00:03,2023-05-15 20:00:03
494,2023-05-17,0.0,0.0,0.0,2023-05-16 20:00:02,2023-05-16 20:00:02
495,2023-05-18,0.0,0.0,0.0,2023-05-17 20:00:04,2023-05-17 20:00:04
496,2023-05-19,0.0,0.0,0.0,2023-05-18 20:00:06,2023-05-18 20:00:06
497,2023-05-20,0.0,0.0,0.0,2023-05-19 20:00:05,2023-05-19 20:00:05
498,2023-05-21,0.0,0.0,0.0,2023-05-20 20:00:05,2023-05-20 20:00:05
499,2023-05-22,0.0,0.0,0.0,2023-05-21 20:00:04,2023-05-21 20:00:04
500,2023-05-23,0.0,0.0,0.0,2023-05-22 20:00:04,2023-05-22 20:00:04
501,2023-05-24,0.0,0.0,0.0,2023-05-23 20:00:04,2023-05-23 20:00:04
502,2023-05-25,0.0,0.0,0.0,2023-05-24 20:00:04,2023-05-24 20:00:04
503,2023-05-26,0.0,0.0,0.0,2023-05-25 20:00:02,2023-05-25 20:00:02
504,2023-05-27,0.0,0.0,0.0,2023-05-26 20:00:07,2023-05-26 20:00:07
505,2023-05-28,0.0,0.0,0.0,2023-05-27 20:00:06,2023-05-27 20:00:06
506,2023-05-29,0.0,0.0,0.0,2023-05-28 20:00:05,2023-05-28 20:00:05
507,2023-05-30,0.0,0.0,0.0,2023-05-29 20:00:02,2023-05-29 20:00:02
508,2023-05-31,0.0,0.0,0.0,2023-05-30 20:00:01,2023-05-30 20:00:01
509,2023-06-01,0.0,0.0,0.0,2023-05-31 20:00:03,2023-05-31 20:00:03
510,2023-06-02,0.0,0.0,0.0,2023-06-01 20:00:03,2023-06-01 20:00:03
511,2023-06-03,0.0,0.0,0.0,2023-06-02 20:00:05,2023-06-02 20:00:05
512,2023-06-04,0.0,0.0,0.0,2023-06-03 20:00:04,2023-06-03 20:00:04
513,2023-06-05,0.0,0.0,0.0,2023-06-04 20:00:06,2023-06-04 20:00:06
514,2023-06-06,0.0,0.0,0.0,2023-06-05 20:00:02,2023-06-05 20:00:02
515,2023-06-07,0.0,0.0,0.0,2023-06-06 20:00:06,2023-06-06 20:00:06
516,2023-06-08,0.0,0.0,0.0,2023-06-07 20:00:03,2023-06-07 20:00:03
517,2023-06-09,0.0,0.0,0.0,2023-06-08 20:00:06,2023-06-08 20:00:06
518,2023-06-10,0.0,0.0,0.0,2023-06-09 20:00:06,2023-06-09 20:00:06
519,2023-06-11,0.0,0.0,0.0,2023-06-10 20:00:02,2023-06-10 20:00:02
520,2023-06-12,0.0,0.0,0.0,2023-06-11 20:00:05,2023-06-11 20:00:05
521,2023-06-13,0.0,0.0,0.0,2023-06-12 20:00:06,2023-06-12 20:00:06
522,2023-06-14,0.0,0.0,0.0,2023-06-13 20:00:02,2023-06-13 20:00:02
523,2023-06-15,0.0,0.0,0.0,2023-06-14 20:00:07,2023-06-14 20:00:07
524,2023-06-16,0.0,0.0,0.0,2023-06-15 20:00:06,2023-06-15 20:00:06
525,2023-06-17,0.0,0.0,0.0,2023-06-16 20:00:01,2023-06-16 20:00:01
526,2023-06-18,0.0,0.0,0.0,2023-06-17 20:00:02,2023-06-17 20:00:02
527,2023-06-19,0.0,0.0,0.0,2023-06-18 20:00:06,2023-06-18 20:00:06
528,2023-06-20,0.0,0.0,0.0,2023-06-19 20:00:06,2023-06-19 20:00:06
529,2023-06-21,0.0,0.0,0.0,2023-06-20 20:00:06,2023-06-20 20:00:06
530,2023-06-22,0.0,0.0,0.0,2023-06-21 20:00:03,2023-06-21 20:00:03
531,2023-06-23,0.0,0.0,0.0,2023-06-22 20:00:02,2023-06-22 20:00:02
532,2023-06-24,0.0,0.0,0.0,2023-06-23 20:00:07,2023-06-23 20:00:07
533,2023-06-25,0.0,0.0,0.0,2023-06-24 20:00:05,2023-06-24 20:00:05
534,2023-06-26,0.0,0.0,0.0,2023-06-25 20:00:05,2023-06-25 20:00:05
535,2023-06-27,0.0,0.0,0.0,2023-06-26 20:00:06,2023-06-26 20:00:06
536,2023-06-28,0.0,0.0,0.0,2023-06-27 20:00:06,2023-06-27 20:00:06
537,2023-06-29,0.0,0.0,0.0,2023-06-28 20:00:07,2023-06-28 20:00:07
538,2023-06-30,0.0,0.0,0.0,2023-06-29 20:00:04,2023-06-29 20:00:04
539,2023-07-01,0.0,0.0,0.0,2023-06-30 20:00:05,2023-06-30 20:00:05
540,2023-07-02,0.0,0.0,0.0,2023-07-01 20:00:02,2023-07-01 20:00:02
541,2023-07-03,0.0,0.0,0.0,2023-07-02 20:00:04,2023-07-02 20:00:04
542,2023-07-04,0.0,0.0,0.0,2023-07-03 20:00:04,2023-07-03 20:00:04
543,2023-07-05,0.0,0.0,0.0,2023-07-04 20:00:04,2023-07-04 20:00:04
544,2023-07-06,0.0,0.0,0.0,2023-07-05 20:00:05,2023-07-05 20:00:05
545,2023-07-07,0.0,0.0,0.0,2023-07-06 20:00:02,2023-07-06 20:00:02
546,2023-07-08,0.0,0.0,0.0,2023-07-07 20:00:04,2023-07-07 20:00:04
547,2023-07-09,0.0,0.0,0.0,2023-07-08 20:00:03,2023-07-08 20:00:03
548,2023-07-10,0.0,0.0,0.0,2023-07-09 20:00:07,2023-07-09 20:00:07
549,2023-07-11,0.0,0.0,0.0,2023-07-10 20:00:06,2023-07-10 20:00:06
550,2023-07-12,0.0,0.0,0.0,2023-07-11 20:00:05,2023-07-11 20:00:05
551,2023-07-13,0.0,0.0,0.0,2023-07-12 20:00:06,2023-07-12 20:00:06
552,2023-07-14,0.0,0.0,0.0,2023-07-13 20:00:05,2023-07-13 20:00:05
553,2023-07-15,0.0,0.0,0.0,2023-07-14 20:00:01,2023-07-14 20:00:01
554,2023-07-16,0.0,0.0,0.0,2023-07-15 20:00:04,2023-07-15 20:00:04
555,2023-07-17,0.0,0.0,0.0,2023-07-16 20:00:04,2023-07-16 20:00:04
556,2023-07-18,0.0,0.0,0.0,2023-07-17 20:00:02,2023-07-17 20:00:02
557,2023-07-19,0.0,0.0,0.0,2023-07-18 20:00:06,2023-07-18 20:00:06
558,2023-07-20,0.0,0.0,0.0,2023-07-19 20:00:05,2023-07-19 20:00:05
559,2023-07-21,0.0,0.0,0.0,2023-07-20 20:00:07,2023-07-20 20:00:07
560,2023-07-22,0.0,0.0,0.0,2023-07-21 20:00:04,2023-07-21 20:00:04
561,2023-07-23,0.0,0.0,0.0,2023-07-22 20:00:02,2023-07-22 20:00:02
562,2023-07-24,0.0,0.0,0.0,2023-07-23 20:00:03,2023-07-23 20:00:03
563,2023-07-25,0.0,0.0,0.0,2023-07-24 20:00:04,2023-07-24 20:00:04
564,2023-07-26,0.0,0.0,0.0,2023-07-25 20:00:05,2023-07-25 20:00:05
565,2023-07-27,0.0,0.0,0.0,2023-07-26 20:00:02,2023-07-26 20:00:02
566,2023-07-28,0.0,0.0,0.0,2023-07-27 20:00:02,2023-07-27 20:00:02
567,2023-07-29,0.0,0.0,0.0,2023-07-28 20:00:05,2023-07-28 20:00:05
568,2023-07-30,0.0,0.0,0.0,2023-07-29 20:00:03,2023-07-29 20:00:03
569,2023-07-31,0.0,0.0,0.0,2023-07-30 20:00:04,2023-07-30 20:00:04
570,2023-08-01,0.0,0.0,0.0,2023-07-31 20:00:04,2023-07-31 20:00:04
571,2023-08-02,0.0,0.0,0.0,2023-08-01 20:00:05,2023-08-01 20:00:05
572,2023-08-03,0.0,0.0,0.0,2023-08-02 20:00:02,2023-08-02 20:00:02
573,2023-08-04,0.0,0.0,0.0,2023-08-03 20:00:05,2023-08-03 20:00:05
574,2023-08-05,0.0,0.0,0.0,2023-08-04 20:00:03,2023-08-04 20:00:03
575,2023-08-06,0.0,0.0,0.0,2023-08-05 20:00:05,2023-08-05 20:00:05
576,2023-08-07,0.0,0.0,0.0,2023-08-06 20:00:02,2023-08-06 20:00:02
577,2023-08-08,0.0,0.0,0.0,2023-08-07 20:00:04,2023-08-07 20:00:04
578,2023-08-09,0.0,0.0,0.0,2023-08-08 20:00:03,2023-08-08 20:00:03
579,2023-08-10,0.0,0.0,0.0,2023-08-09 20:00:04,2023-08-09 20:00:04
580,2023-08-11,0.0,0.0,0.0,2023-08-10 20:00:05,2023-08-10 20:00:05
581,2023-08-12,0.0,0.0,0.0,2023-08-11 20:00:06,2023-08-11 20:00:06
582,2023-08-13,0.0,0.0,0.0,2023-08-12 20:00:02,2023-08-12 20:00:02
583,2023-08-14,0.0,0.0,0.0,2023-08-13 20:00:07,2023-08-13 20:00:07
584,2023-08-15,0.0,0.0,0.0,2023-08-14 20:00:03,2023-08-14 20:00:03
585,2023-08-16,0.0,0.0,0.0,2023-08-15 20:00:05,2023-08-15 20:00:05
586,2023-08-17,0.0,0.0,0.0,2023-08-16 20:00:02,2023-08-16 20:00:02
587,2023-08-18,0.0,0.0,0.0,2023-08-17 20:00:06,2023-08-17 20:00:06
588,2023-08-19,0.0,0.0,0.0,2023-08-18 20:00:06,2023-08-18 20:00:06
589,2023-08-20,0.0,0.0,0.0,2023-08-19 20:00:04,2023-08-19 20:00:04
590,2023-08-21,0.0,0.0,0.0,2023-08-20 20:00:03,2023-08-20 20:00:03
591,2023-08-22,0.0,0.0,0.0,2023-08-21 20:00:05,2023-08-21 20:00:05
592,2023-08-23,0.0,0.0,0.0,2023-08-22 20:00:06,2023-08-22 20:00:06
593,2023-08-24,0.0,0.0,0.0,2023-08-23 20:00:05,2023-08-23 20:00:05
594,2023-08-25,0.0,0.0,0.0,2023-08-24 20:00:02,2023-08-24 20:00:02
595,2023-08-26,0.0,0.0,0.0,2023-08-25 20:00:03,2023-08-25 20:00:03
596,2023-08-27,0.0,0.0,0.0,2023-08-26 20:00:04,2023-08-26 20:00:04
597,2023-08-28,0.0,0.0,0.0,2023-08-27 20:00:03,2023-08-27 20:00:03
598,2023-08-29,0.0,0.0,0.0,2023-08-28 20:00:03,2023-08-28 20:00:03
599,2023-08-30,0.0,0.0,0.0,2023-08-29 20:00:02,2023-08-29 20:00:02
600,2023-08-31,0.0,0.0,0.0,2023-08-30 20:00:04,2023-08-30 20:00:04
601,2023-09-01,0.0,0.0,0.0,2023-08-31 20:00:03,2023-08-31 20:00:03
602,2023-09-02,0.0,0.0,0.0,2023-09-01 20:00:06,2023-09-01 20:00:06
603,2023-09-03,0.0,0.0,0.0,2023-09-02 20:00:04,2023-09-02 20:00:04
604,2023-09-04,0.0,0.0,0.0,2023-09-03 20:00:06,2023-09-03 20:00:06
605,2023-09-05,0.0,0.0,0.0,2023-09-04 20:00:02,2023-09-04 20:00:02
606,2023-09-06,0.0,0.0,0.0,2023-09-05 20:00:03,2023-09-05 20:00:03
607,2023-09-07,0.0,0.0,0.0,2023-09-06 20:00:07,2023-09-06 20:00:07
608,2023-09-08,0.0,0.0,0.0,2023-09-07 20:00:01,2023-09-07 20:00:01
609,2023-09-09,0.0,0.0,0.0,2023-09-08 20:00:05,2023-09-08 20:00:05
610,2023-09-10,0.0,0.0,0.0,2023-09-09 20:00:07,2023-09-09 20:00:07
611,2023-09-11,0.0,0.0,0.0,2023-09-10 20:00:03,2023-09-10 20:00:03
612,2023-09-12,0.0,0.0,0.0,2023-09-11 20:00:03,2023-09-11 20:00:03
613,2023-09-13,0.0,0.0,0.0,2023-09-12 20:00:01,2023-09-12 20:00:01
614,2023-09-14,0.0,0.0,0.0,2023-09-13 20:00:05,2023-09-13 20:00:05
615,2023-09-15,0.0,0.0,0.0,2023-09-14 20:00:02,2023-09-14 20:00:02
616,2023-09-16,0.0,0.0,0.0,2023-09-15 20:00:06,2023-09-15 20:00:06
617,2023-09-17,0.0,0.0,0.0,2023-09-16 20:00:04,2023-09-16 20:00:04
618,2023-09-18,0.0,0.0,0.0,2023-09-17 20:00:01,2023-09-17 20:00:01
619,2023-09-19,0.0,0.0,0.0,2023-09-18 20:00:03,2023-09-18 20:00:03
620,2023-09-20,0.0,0.0,0.0,2023-09-19 20:00:04,2023-09-19 20:00:04
621,2023-09-21,0.0,0.0,0.0,2023-09-20 20:00:03,2023-09-20 20:00:03
622,2023-09-22,0.0,0.0,0.0,2023-09-21 20:00:03,2023-09-21 20:00:03
623,2023-09-23,0.0,0.0,0.0,2023-09-22 20:00:05,2023-09-22 20:00:05
624,2023-09-24,0.0,0.0,0.0,2023-09-23 20:00:05,2023-09-23 20:00:05
625,2023-09-25,0.0,0.0,0.0,2023-09-24 20:00:06,2023-09-24 20:00:06
626,2023-09-26,0.0,0.0,0.0,2023-09-25 20:00:06,2023-09-25 20:00:06
627,2023-09-27,0.0,0.0,0.0,2023-09-26 20:00:03,2023-09-26 20:00:03
628,2023-09-28,0.0,0.0,0.0,2023-09-27 20:00:02,2023-09-27 20:00:02
629,2023-09-29,0.0,0.0,0.0,2023-09-28 20:00:04,2023-09-28 20:00:04
630,2023-09-30,0.0,0.0,0.0,2023-09-29 20:00:05,2023-09-29 20:00:05
631,2023-10-01,0.0,0.0,0.0,2023-09-30 20:00:04,2023-09-30 20:00:04
632,2023-10-02,0.0,0.0,0.0,2023-10-01 20:00:05,2023-10-01 20:00:05
633,2023-10-03,0.0,0.0,0.0,2023-10-02 20:00:02,2023-10-02 20:00:02
634,2023-10-04,0.0,0.0,0.0,2023-10-03 20:00:02,2023-10-03 20:00:02
635,2023-10-05,0.0,0.0,0.0,2023-10-04 20:00:02,2023-10-04 20:00:02
636,2023-10-06,0.0,0.0,0.0,2023-10-05 20:00:05,2023-10-05 20:00:05
637,2023-10-07,0.0,0.0,0.0,2023-10-06 20:00:05,2023-10-06 20:00:05
638,2023-10-08,0.0,0.0,0.0,2023-10-07 20:00:02,2023-10-07 20:00:02
639,2023-10-09,0.0,0.0,0.0,2023-10-08 20:00:04,2023-10-08 20:00:04
640,2023-10-10,0.0,0.0,0.0,2023-10-09 20:00:03,2023-10-09 20:00:03
641,2023-10-11,0.0,0.0,0.0,2023-10-10 20:00:04,2023-10-10 20:00:04
642,2023-10-12,0.0,0.0,0.0,2023-10-11 20:00:06,2023-10-11 20:00:06
643,2023-10-13,0.0,0.0,0.0,2023-10-12 20:00:03,2023-10-12 20:00:03
644,2023-10-14,0.0,0.0,0.0,2023-10-13 20:00:03,2023-10-13 20:00:03
645,2023-10-15,0.0,0.0,0.0,2023-10-14 20:00:06,2023-10-14 20:00:06
646,2023-10-16,0.0,0.0,0.0,2023-10-15 20:00:05,2023-10-15 20:00:05
647,2023-10-17,0.0,0.0,0.0,2023-10-16 20:00:02,2023-10-16 20:00:02
648,2023-10-18,0.0,0.0,0.0,2023-10-17 20:00:03,2023-10-17 20:00:03
649,2023-10-19,0.0,0.0,0.0,2023-10-18 20:00:01,2023-10-18 20:00:01
650,2023-10-20,0.0,0.0,0.0,2023-10-19 20:00:05,2023-10-19 20:00:05
651,2023-10-21,0.0,0.0,0.0,2023-10-20 20:00:01,2023-10-20 20:00:01
652,2023-10-22,0.0,0.0,0.0,2023-10-21 20:00:05,2023-10-21 20:00:05
653,2023-10-23,0.0,0.0,0.0,2023-10-22 20:00:06,2023-10-22 20:00:06
654,2023-10-24,0.0,0.0,0.0,2023-10-23 20:00:04,2023-10-23 20:00:04
655,2023-10-25,0.0,0.0,0.0,2023-10-24 20:00:05,2023-10-24 20:00:05
656,2023-10-26,0.0,0.0,0.0,2023-10-25 20:00:06,2023-10-25 20:00:06
657,2023-10-27,0.0,0.0,0.0,2023-10-26 20:00:03,2023-10-26 20:00:03
658,2023-10-28,0.0,0.0,0.0,2023-10-27 20:00:02,2023-10-27 20:00:02
659,2023-10-29,0.0,0.0,0.0,2023-10-28 20:00:04,2023-10-28 20:00:04
660,2023-10-30,0.0,0.0,0.0,2023-10-29 20:00:06,2023-10-29 20:00:06
661,2023-10-31,0.0,0.0,0.0,2023-10-30 20:00:02,2023-10-30 20:00:02
662,2023-11-01,0.0,0.0,0.0,2023-10-31 20:00:02,2023-10-31 20:00:02
663,2023-11-02,0.0,0.0,0.0,2023-11-01 20:00:07,2023-11-01 20:00:07
664,2023-11-03,0.0,0.0,0.0,2023-11-02 20:00:06,2023-11-02 20:00:06
665,2023-11-04,0.0,0.0,0.0,2023-11-03 20:00:02,2023-11-03 20:00:02
666,2023-11-05,0.0,0.0,0.0,2023-11-04 20:00:04,2023-11-04 20:00:04
667,2023-11-06,0.0,0.0,0.0,2023-11-05 19:00:04,2023-11-05 19:00:04
668,2023-11-07,0.0,0.0,0.0,2023-11-06 19:00:04,2023-11-06 19:00:04
669,2023-11-08,0.0,0.0,0.0,2023-11-07 19:00:03,2023-11-07 19:00:03
670,2023-11-09,0.0,0.0,0.0,2023-11-08 19:00:04,2023-11-08 19:00:04
671,2023-11-10,0.0,0.0,0.0,2023-11-09 19:00:03,2023-11-09 19:00:03
672,2023-11-11,0.0,0.0,0.0,2023-11-10 19:00:06,2023-11-10 19:00:06
673,2023-11-12,0.0,0.0,0.0,2023-11-11 19:00:01,2023-11-11 19:00:01
674,2023-11-13,0.0,0.0,0.0,2023-11-12 19:00:05,2023-11-12 19:00:05
675,2023-11-14,0.0,0.0,0.0,2023-11-13 19:00:03,2023-11-13 19:00:03
676,2023-11-15,0.0,0.0,0.0,2023-11-14 19:00:07,2023-11-14 19:00:07
677,2023-11-16,0.0,0.0,0.0,2023-11-15 19:00:06,2023-11-15 19:00:06
678,2023-11-17,0.0,0.0,0.0,2023-11-16 19:00:07,2023-11-16 19:00:07
679,2023-11-18,0.0,0.0,0.0,2023-11-17 19:00:03,2023-11-17 19:00:03
680,2023-11-19,0.0,0.0,0.0,2023-11-18 19:00:06,2023-11-18 19:00:06
681,2023-11-20,0.0,0.0,0.0,2023-11-19 19:00:06,2023-11-19 19:00:06
682,2023-11-21,0.0,0.0,0.0,2023-11-20 19:00:03,2023-11-20 19:00:03
683,2023-11-22,0.0,0.0,0.0,2023-11-21 19:00:02,2023-11-21 19:00:02
684,2023-11-23,0.0,0.0,0.0,2023-11-22 19:00:04,2023-11-22 19:00:04
685,2023-11-24,0.0,0.0,0.0,2023-11-23 19:00:03,2023-11-23 19:00:03
686,2023-11-25,0.0,0.0,0.0,2023-11-24 19:00:05,2023-11-24 19:00:05
687,2023-11-26,0.0,0.0,0.0,2023-11-25 19:00:02,2023-11-25 19:00:02
688,2023-11-27,0.0,0.0,0.0,2023-11-26 19:00:06,2023-11-26 19:00:06
689,2023-11-28,0.0,0.0,0.0,2023-11-27 19:00:01,2023-11-27 19:00:01
690,2023-11-29,0.0,0.0,0.0,2023-11-28 19:00:04,2023-11-28 19:00:04
691,2023-11-30,0.0,0.0,0.0,2023-11-29 19:00:06,2023-11-29 19:00:06
692,2023-12-01,0.0,0.0,0.0,2023-11-30 19:00:06,2023-11-30 19:00:06
693,2023-12-02,0.0,0.0,0.0,2023-12-01 19:00:04,2023-12-01 19:00:04
694,2023-12-03,0.0,0.0,0.0,2023-12-02 19:00:06,2023-12-02 19:00:06
695,2023-12-04,0.0,0.0,0.0,2023-12-03 19:00:06,2023-12-03 19:00:06
696,2023-12-05,0.0,0.0,0.0,2023-12-04 19:00:02,2023-12-04 19:00:02
697,2023-12-06,0.0,0.0,0.0,2023-12-05 19:00:02,2023-12-05 19:00:02
698,2023-12-07,0.0,0.0,0.0,2023-12-06 19:00:04,2023-12-06 19:00:04
699,2023-12-08,0.0,0.0,0.0,2023-12-07 19:00:03,2023-12-07 19:00:03
700,2023-12-09,0.0,0.0,0.0,2023-12-08 19:00:06,2023-12-08 19:00:06
701,2023-12-10,0.0,0.0,0.0,2023-12-09 19:00:07,2023-12-09 19:00:07
702,2023-12-11,0.0,0.0,0.0,2023-12-10 19:00:06,2023-12-10 19:00:06
703,2023-12-12,0.0,0.0,0.0,2023-12-11 19:00:05,2023-12-11 19:00:05
704,2023-12-13,0.0,0.0,0.0,2023-12-12 19:00:02,2023-12-12 19:00:02
705,2023-12-14,0.0,0.0,0.0,2023-12-13 19:00:02,2023-12-13 19:00:02
706,2023-12-15,0.0,0.0,0.0,2023-12-14 19:00:04,2023-12-14 19:00:04
707,2023-12-16,0.0,0.0,0.0,2023-12-15 19:00:06,2023-12-15 19:00:06
708,2023-12-17,0.0,0.0,0.0,2023-12-16 19:00:03,2023-12-16 19:00:03
709,2023-12-18,0.0,0.0,0.0,2023-12-17 19:00:02,2023-12-17 19:00:02
710,2023-12-19,0.0,0.0,0.0,2023-12-18 19:00:02,2023-12-18 19:00:02
711,2023-12-20,0.0,0.0,0.0,2023-12-19 19:00:02,2023-12-19 19:00:02
712,2023-12-21,0.0,0.0,0.0,2023-12-20 19:00:04,2023-12-20 19:00:04
713,2023-12-22,0.0,0.0,0.0,2023-12-21 19:00:01,2023-12-21 19:00:01
714,2023-12-23,0.0,0.0,0.0,2023-12-22 19:00:03,2023-12-22 19:00:03
715,2023-12-24,0.0,0.0,0.0,2023-12-23 19:00:03,2023-12-23 19:00:03
716,2023-12-25,0.0,0.0,0.0,2023-12-24 19:00:04,2023-12-24 19:00:04
717,2023-12-26,0.0,0.0,0.0,2023-12-25 19:00:05,2023-12-25 19:00:05
718,2023-12-27,0.0,0.0,0.0,2023-12-26 19:00:05,2023-12-26 19:00:05
719,2023-12-28,0.0,0.0,0.0,2023-12-27 19:00:05,2023-12-27 19:00:05
720,2023-12-29,0.0,0.0,0.0,2023-12-28 19:00:03,2023-12-28 19:00:03
721,2023-12-30,0.0,0.0,0.0,2023-12-29 19:00:07,2023-12-29 19:00:07
722,2023-12-31,0.0,0.0,0.0,2023-12-30 19:00:02,2023-12-30 19:00:02
723,2024-01-01,0.0,0.0,0.0,2023-12-31 19:00:05,2023-12-31 19:00:05
724,2024-01-02,0.0,0.0,0.0,2024-01-01 19:00:03,2024-01-01 19:00:03
725,2024-01-03,0.0,0.0,0.0,2024-01-02 19:00:05,2024-01-02 19:00:05
726,2024-01-04,0.0,0.0,0.0,2024-01-03 19:00:06,2024-01-03 19:00:06
727,2024-01-05,0.0,0.0,0.0,2024-01-04 19:00:06,2024-01-04 19:00:06
728,2024-01-06,0.0,0.0,0.0,2024-01-05 19:00:04,2024-01-05 19:00:04
729,2024-01-07,0.0,0.0,0.0,2024-01-06 19:00:04,2024-01-06 19:00:04
730,2024-01-08,0.0,0.0,0.0,2024-01-07 19:00:06,2024-01-07 19:00:06
731,2024-01-09,0.0,0.0,0.0,2024-01-08 19:00:04,2024-01-08 19:00:04
732,2024-01-10,0.0,0.0,0.0,2024-01-09 19:00:02,2024-01-09 19:00:02
733,2024-01-11,0.0,0.0,0.0,2024-01-10 19:00:01,2024-01-10 19:00:01
734,2024-01-12,0.0,0.0,0.0,2024-01-11 19:00:02,2024-01-11 19:00:02
735,2024-01-13,0.0,0.0,0.0,2024-01-12 19:00:01,2024-01-12 19:00:01
736,2024-01-14,0.0,0.0,0.0,2024-01-13 19:00:03,2024-01-13 19:00:03
737,2024-01-15,0.0,0.0,0.0,2024-01-14 19:00:05,2024-01-14 19:00:05
738,2024-01-16,0.0,0.0,0.0,2024-01-15 19:00:06,2024-01-15 19:00:06
739,2024-01-17,0.0,0.0,0.0,2024-01-16 19:00:05,2024-01-16 19:00:05
740,2024-01-18,0.0,0.0,0.0,2024-01-17 19:00:06,2024-01-17 19:00:06
741,2024-01-19,0.0,0.0,0.0,2024-01-18 19:00:05,2024-01-18 19:00:05
742,2024-01-20,0.0,0.0,0.0,2024-01-19 19:00:02,2024-01-19 19:00:02
743,2024-01-21,0.0,0.0,0.0,2024-01-20 19:00:06,2024-01-20 19:00:06
744,2024-01-22,0.0,0.0,0.0,2024-01-21 19:00:04,2024-01-21 19:00:04
745,2024-01-23,0.0,0.0,0.0,2024-01-22 19:00:02,2024-01-22 19:00:02
746,2024-01-24,0.0,0.0,0.0,2024-01-23 19:00:02,2024-01-23 19:00:02
747,2024-01-25,0.0,0.0,0.0,2024-01-24 19:00:02,2024-01-24 19:00:02
748,2024-01-26,0.0,0.0,0.0,2024-01-25 19:00:06,2024-01-25 19:00:06
749,2024-01-27,0.0,0.0,0.0,2024-01-26 19:00:07,2024-01-26 19:00:07
750,2024-01-28,0.0,0.0,0.0,2024-01-27 19:00:03,2024-01-27 19:00:03
751,2024-01-29,0.0,0.0,0.0,2024-01-28 19:00:03,2024-01-28 19:00:03
752,2024-01-30,0.0,0.0,0.0,2024-01-29 19:00:04,2024-01-29 19:00:04
753,2024-01-31,0.0,0.0,0.0,2024-01-30 19:00:05,2024-01-30 19:00:05
