id,creator_id,project_id,description,date,created_at,updated_at
1,2,4,Plan Complete,2021-12-11,2021-11-29 06:29:13,2022-04-12 08:36:07
2,2,4,Execution Complete,2022-04-24,2021-11-29 06:30:13,2022-04-12 08:37:00
3,2,4,Accepted by Sponsor,2022-06-05,2021-11-29 06:31:25,2021-11-29 06:32:32
4,2,4,Learnings Complete,2022-06-22,2021-11-29 06:39:18,2022-03-05 09:45:10
6,2,4,Project Closed,2022-07-25,2021-11-29 06:43:51,2022-03-10 10:41:18
7,10,8,SOW Approval,2022-01-20,2022-01-12 06:39:32,2022-01-12 06:39:32
8,6,12,Great Plan is Approved,2022-01-30,2022-01-15 17:12:01,2022-01-15 17:12:01
9,2,20,done,2022-01-18,2022-01-23 13:02:31,2022-01-23 13:02:31
10,42,25,Milestone 1,2022-02-03,2022-02-07 02:39:33,2022-02-07 02:39:33
11,32,35,Initating Phase Complete,2022-02-26,2022-02-15 14:06:05,2022-02-15 14:13:36
12,32,35,Planning Phase Complete,2022-03-29,2022-02-15 14:06:20,2022-02-15 14:13:46
13,46,36,Test Milestone,2022-03-07,2022-02-28 06:16:08,2022-02-28 06:16:08
14,46,36,Test Milestone 02,2022-02-17,2022-02-28 06:16:18,2022-02-28 06:16:18
15,2,2,Plan Done,2022-05-01,2022-03-05 08:19:26,2022-06-17 12:26:40
16,2,2,Execution Complete,2022-08-15,2022-03-05 08:19:39,2022-06-17 12:26:08
17,2,2,Approval to Close Done,2022-12-03,2022-03-05 08:19:57,2022-06-17 12:24:20
18,2,2,Learning Complete,2022-11-06,2022-03-05 08:20:12,2022-06-17 12:25:59
19,52,60,certs in place,2022-08-03,2022-03-13 14:01:57,2022-03-13 14:05:39
20,52,60,install complete,2022-05-15,2022-03-13 14:02:20,2022-03-24 08:06:53
21,35,70,Sprint 1 Complete,2022-02-22,2022-03-21 06:00:45,2022-03-21 06:04:02
22,35,70,Sprint 2 - Complete,2022-03-11,2022-03-21 06:01:01,2022-03-21 06:05:05
23,35,70,Sprint 3 Complete,2022-03-27,2022-03-21 06:01:17,2022-03-21 06:05:43
24,6,92,GTM plan approval,2022-11-19,2022-04-01 13:46:24,2022-04-01 14:16:14
25,6,92,what is the point,2022-06-30,2022-04-01 13:49:52,2022-04-01 14:31:24
26,6,79,mileone,2022-04-17,2022-04-09 08:06:02,2022-04-09 08:45:14
27,6,79,miletwo,2022-04-07,2022-04-09 08:27:34,2022-04-09 08:45:11
28,56,83,"Complete 202, 204, 304 by 4/30/2022",2022-04-29,2022-04-26 04:21:15,2022-04-26 04:21:15
29,56,83,"Complete 303,408, 503, 504",2022-05-05,2022-04-26 04:22:04,2022-04-26 04:22:04
30,56,83,"Complete 201, 302, 305",2022-05-12,2022-04-26 04:22:38,2022-04-26 04:22:38
31,56,83,"Complete 405, 505, 507",2022-05-19,2022-04-26 04:23:30,2022-04-26 04:23:30
32,56,83,"Complete 308, 509",2022-05-26,2022-04-26 04:24:09,2022-04-26 04:24:09
33,56,83,"Complete 307, 506, 508",2022-06-02,2022-04-26 04:24:47,2022-04-26 04:24:47
34,6,78,milesone 1,2022-08-24,2022-04-30 07:00:13,2022-04-30 07:02:26
35,76,104,Technology Working Session Phase 1,2022-06-01,2022-05-31 14:32:31,2022-05-31 14:32:31
36,85,113,Signoff,2022-06-30,2022-06-21 05:09:48,2022-06-21 05:09:48
37,2,125,Plan Done,2022-10-24,2022-10-17 08:11:36,2022-10-17 08:13:57
38,2,125,Install Done,2022-12-28,2022-10-17 08:11:48,2022-10-17 08:16:24
39,2,125,Final Sign-Off & Approval,2023-01-27,2022-10-17 08:12:02,2022-10-17 08:16:15
40,2,125,Close,2023-02-07,2022-10-17 08:12:13,2022-10-17 08:15:17
41,2,126,Project Closed,2023-11-07,2022-11-04 11:45:11,2023-07-04 07:03:32
42,2,126,Store Site Ready,2023-04-27,2022-11-04 11:46:12,2022-11-04 11:46:12
43,2,126,Design Finalized,2022-12-21,2022-11-06 06:23:30,2023-07-04 07:03:37
45,2,126,Store Fixtures Installed,2023-03-23,2022-11-06 06:24:51,2023-03-23 06:15:35
47,2,127,BID No BID,2022-10-30,2022-11-08 13:54:28,2022-11-09 03:56:58
48,2,127,Review RFx Submission & Submit,2022-11-27,2022-11-08 13:55:10,2022-11-09 05:42:48
50,7,134,Task was completed,2023-03-15,2023-03-07 06:30:15,2023-03-07 06:30:15
51,2,127,test,2023-03-29,2023-03-21 12:29:56,2023-03-21 12:31:47
56,2,161,Planning Complete,2023-03-01,2023-04-17 08:19:48,2023-04-17 08:19:48
57,2,161,Completed Delivery,2023-07-07,2023-04-17 08:19:48,2023-04-17 08:19:48
58,2,162,Planning Complete,2023-03-01,2023-04-17 08:27:11,2023-04-17 08:27:11
59,2,162,Completed Delivery,2023-07-07,2023-04-17 08:27:11,2023-04-17 08:27:11
63,2,166,Planning Complete,2023-03-01,2023-04-17 09:14:11,2023-04-17 09:14:11
64,2,166,Completed Delivery,2023-07-07,2023-04-17 09:14:11,2023-04-17 09:14:11
65,2,167,Planning Complete,2023-07-06,2023-04-17 09:27:18,2023-04-17 09:40:07
66,2,167,Completed Delivery,2023-08-29,2023-04-17 09:27:19,2023-04-17 09:40:17
69,2,170,Planning Complete,2023-03-01,2023-04-17 09:54:15,2023-04-17 09:54:15
70,2,170,Completed Delivery,2023-07-07,2023-04-17 09:54:15,2023-04-17 09:54:15
71,2,170,completed Charter,2023-06-22,2023-04-20 11:34:55,2023-04-20 11:34:55
72,2,170,Planning Complete,2023-03-01,2023-04-20 11:34:55,2023-04-20 11:34:55
73,2,170,Completed Delivery,2023-07-07,2023-04-20 11:34:55,2023-04-20 11:34:55
74,2,170,Complete: Control and Project Management,2023-08-28,2023-04-20 11:34:55,2023-04-20 11:34:55
75,2,170,Client Survey Complete,2023-09-06,2023-04-20 11:34:55,2023-04-20 11:34:55
76,2,172,Planning Complete,2023-03-01,2023-04-20 11:50:41,2023-04-20 11:50:41
77,2,172,Completed Delivery,2023-07-07,2023-04-20 11:50:41,2023-04-20 11:50:41
78,2,172,manage risks,2023-08-10,2023-04-20 11:50:41,2023-04-20 11:50:41
79,2,172,manage isssues,2023-08-12,2023-04-20 11:50:41,2023-04-20 11:50:41
80,2,172,manage changes,2023-08-27,2023-04-20 11:50:41,2023-04-20 11:50:41
81,2,173,Planning Complete,2023-03-01,2023-04-20 12:19:00,2023-04-20 12:19:00
82,2,173,Completed Delivery,2023-07-07,2023-04-20 12:19:00,2023-04-20 12:19:00
83,2,173,manage risks,2023-08-10,2023-04-20 12:19:00,2023-04-20 12:19:00
84,2,173,manage issues,2023-08-14,2023-04-20 12:19:00,2023-04-20 12:19:00
85,2,173,manage changes,2023-08-17,2023-04-20 12:19:00,2023-04-20 12:19:00
86,2,174,develop resource requirements and this had a bad date,2023-06-17,2023-04-20 12:24:52,2023-04-20 12:24:52
87,2,174,Planning Complete,2023-03-01,2023-04-20 12:24:52,2023-04-20 12:24:52
88,2,174,Completed Delivery,2023-07-07,2023-04-20 12:24:52,2023-04-20 12:24:52
89,2,174,manage risks,2023-08-10,2023-04-20 12:24:52,2023-04-20 12:24:52
90,2,174,manage issues,2023-08-14,2023-04-20 12:24:52,2023-04-20 12:24:52
91,2,174,manage changes,2023-08-17,2023-04-20 12:24:52,2023-04-20 12:24:52
92,2,174,COMPLETE schedule and plan,2023-01-06,2023-04-20 12:24:52,2023-04-20 12:24:52
93,2,174,Planning Complete,2023-03-01,2023-04-20 12:24:52,2023-04-20 12:24:52
94,2,174,Completed Delivery,2023-07-07,2023-04-20 12:24:52,2023-04-20 12:24:52
95,2,174,manage risks,2023-08-10,2023-04-20 12:24:52,2023-04-20 12:24:52
96,2,174,manage issues,2023-08-14,2023-04-20 12:24:52,2023-04-20 12:24:52
97,2,174,manage changes,2023-08-17,2023-04-20 12:24:52,2023-04-20 12:24:52
98,2,174,Weekend in June,2023-06-17,2023-04-20 12:46:31,2023-04-20 12:46:31
101,2,176,develop resource requirements and this had a bad date,2023-06-11,2023-04-20 13:03:06,2023-04-20 13:03:06
102,2,176,Planning Complete,2023-03-01,2023-04-20 13:03:07,2023-04-20 13:03:07
103,2,176,Completed Delivery,2023-07-07,2023-04-20 13:03:07,2023-04-20 13:03:07
104,2,176,manage risks,2023-08-10,2023-04-20 13:03:07,2023-04-20 13:03:07
105,2,176,manage issues with bad date only start,2023-08-14,2023-04-20 13:03:07,2023-04-20 13:03:07
106,2,176,manage changes,2023-08-15,2023-04-20 13:03:07,2023-04-20 13:03:07
107,2,176,COMPLETE schedule and plan,2023-01-06,2023-04-20 13:03:07,2023-04-20 13:03:07
108,2,176,Planning Complete,2023-03-01,2023-04-20 13:03:07,2023-04-20 13:03:07
109,2,176,Completed Delivery,2023-07-07,2023-04-20 13:03:07,2023-04-20 13:03:07
110,2,176,manage risks,2023-08-10,2023-04-20 13:03:07,2023-04-20 13:03:07
111,2,176,manage issues,2023-08-14,2023-04-20 13:03:07,2023-04-20 13:03:07
112,2,176,manage changes,2023-08-17,2023-04-20 13:03:07,2023-04-20 13:03:07
113,2,177,develop resource requirements and this had a bad date,2023-06-11,2023-04-20 13:05:28,2023-04-20 13:05:28
114,2,177,Planning Complete,2023-03-01,2023-04-20 13:05:28,2023-04-20 13:05:28
115,2,177,Completed Delivery,2023-07-07,2023-04-20 13:05:28,2023-04-20 13:05:28
116,2,177,manage risks,2023-08-10,2023-04-20 13:05:28,2023-04-20 13:05:28
117,2,177,manage issues with bad date only start,2023-08-14,2023-04-20 13:05:28,2023-04-20 13:05:28
118,2,177,manage changes,2023-08-15,2023-04-20 13:05:28,2023-04-20 13:05:28
119,2,177,COMPLETE schedule and plan,2023-01-06,2023-04-20 13:05:28,2023-04-20 13:05:28
120,2,177,Planning Complete,2023-03-01,2023-04-20 13:05:28,2023-04-20 13:05:28
127,2,179,develop resource requirements and this had a bad date,2023-06-11,2023-04-20 13:50:28,2023-04-20 13:50:28
128,2,179,Planning Complete,2023-03-01,2023-04-20 13:50:28,2023-04-20 13:50:28
129,2,179,Completed Delivery,2023-07-07,2023-04-20 13:50:28,2023-04-20 13:50:28
130,2,179,manage risks,2023-08-10,2023-04-20 13:50:28,2023-04-20 13:50:28
131,2,179,manage issues with bad date only start,2023-08-12,2023-04-20 13:50:28,2023-04-20 13:50:28
132,2,179,manage changes,2023-08-15,2023-04-20 13:50:28,2023-04-20 13:50:28
133,2,179,COMPLETE schedule and plan,2023-01-06,2023-04-20 13:50:29,2023-04-20 13:50:29
134,2,179,Planning Complete,2023-03-01,2023-04-20 13:50:29,2023-04-20 13:50:29
141,2,182,develop resource requirements and this had a bad date,2023-06-16,2023-04-25 08:03:52,2023-04-25 08:03:52
142,2,182,Planning Complete,2023-03-01,2023-04-25 08:03:52,2023-04-25 08:03:52
147,2,185,develop resource requirements and this had a bad date,2023-06-16,2023-04-25 08:16:18,2023-04-25 08:16:18
148,2,186,develop resource requirements ,2023-06-16,2023-04-25 08:21:29,2023-04-25 08:21:29
149,2,186,develop resource requirements and this had a bad date,2023-07-27,2023-04-25 08:21:29,2023-04-25 08:21:29
150,2,186,develop resource requirements and this had a bad date,2023-09-01,2023-04-25 08:21:29,2023-04-25 08:21:29
151,2,187,develop resource requirements ,2023-06-16,2023-04-25 08:28:22,2023-04-25 08:28:22
152,2,187,develop bad date,2023-07-27,2023-04-25 08:28:22,2023-04-25 08:28:22
153,2,187,develop resource ,2023-09-01,2023-04-25 08:28:22,2023-04-25 08:28:22
154,2,187,Done Execution,2023-04-25,2023-04-25 08:28:22,2023-04-25 08:28:22
155,2,187,survey complete,2023-06-02,2023-04-25 08:28:22,2023-04-25 08:28:22
156,2,188,develop resource requirements ,2023-06-16,2023-04-25 08:34:18,2023-04-25 08:34:18
157,2,188,develop bad date,2023-07-27,2023-04-25 08:34:18,2023-04-25 08:34:18
158,2,188,develop resource ,2023-09-01,2023-04-25 08:34:18,2023-04-25 08:34:18
159,2,188,Done Execution,2023-04-25,2023-04-25 08:34:18,2023-04-25 08:34:18
160,2,188,survey complete,2023-06-02,2023-04-25 08:34:18,2023-04-25 08:34:18
161,2,189,develop resource requirements ,2023-06-16,2023-04-25 08:46:56,2023-04-25 08:46:56
162,2,189,develop bad date,2023-07-27,2023-04-25 08:46:56,2023-04-25 08:46:56
163,2,189,develop resource ,2023-09-01,2023-04-25 08:46:56,2023-04-25 08:46:56
164,2,189,Done Execution,2023-04-25,2023-04-25 08:46:56,2023-04-25 08:46:56
165,2,189,survey complete,2023-06-02,2023-04-25 08:46:56,2023-04-25 08:46:56
166,2,189,develop resource ,2023-09-01,2023-04-25 08:46:56,2023-04-25 08:46:56
167,2,189,Done Execution,2023-04-25,2023-04-25 08:46:56,2023-04-25 08:46:56
168,2,189,survey complete,2023-06-02,2023-04-25 08:46:56,2023-04-25 08:46:56
169,2,189,develop resource ,2023-09-01,2023-04-25 08:46:56,2023-04-25 08:46:56
170,2,189,Done Execution,2023-04-25,2023-04-25 08:46:56,2023-04-25 08:46:56
171,2,189,survey complete,2023-06-02,2023-04-25 08:46:56,2023-04-25 08:46:56
172,2,189,develop resource ,2023-09-01,2023-04-25 08:46:56,2023-04-25 08:46:56
173,2,189,Done Front,2023-04-25,2023-04-25 08:46:56,2023-04-25 08:46:56
174,2,189,complete closure,2023-06-02,2023-04-25 08:46:56,2023-04-25 08:46:56
175,2,189,meetings all done,2023-09-01,2023-04-25 08:46:56,2023-04-25 08:46:56
176,2,189,Done Execution,2023-06-21,2023-04-25 08:46:56,2023-04-25 08:46:56
177,2,189,survey complete,2023-07-05,2023-04-25 08:46:56,2023-04-25 08:46:56
178,2,189,develop resource requirements ,2023-06-16,2023-04-27 12:50:11,2023-04-27 12:50:11
179,2,189,develop bad date,2023-07-27,2023-04-27 12:50:12,2023-04-27 12:50:12
180,2,189,develop resource ,2023-09-01,2023-04-27 12:50:12,2023-04-27 12:50:12
181,2,189,Done Execution,2023-04-25,2023-04-27 12:50:12,2023-04-27 12:50:12
182,2,189,survey complete,2023-06-02,2023-04-27 12:50:13,2023-04-27 12:50:13
183,2,189,develop resource ,2023-09-01,2023-04-27 12:50:13,2023-04-27 12:50:13
184,2,189,Done Execution,2023-04-25,2023-04-27 12:50:13,2023-04-27 12:50:13
185,2,189,survey complete,2023-06-02,2023-04-27 12:50:13,2023-04-27 12:50:13
186,2,189,develop resource ,2023-09-01,2023-04-27 12:50:13,2023-04-27 12:50:13
187,2,189,Done Execution,2023-04-25,2023-04-27 12:50:13,2023-04-27 12:50:13
188,2,189,survey complete,2023-06-02,2023-04-27 12:50:13,2023-04-27 12:50:13
189,2,189,develop resource ,2023-09-01,2023-04-27 12:50:13,2023-04-27 12:50:13
190,2,189,Done Front,2023-04-25,2023-04-27 12:50:13,2023-04-27 12:50:13
191,2,189,complete closure,2023-06-02,2023-04-27 12:50:13,2023-04-27 12:50:13
192,2,189,meetings all done,2023-09-01,2023-04-27 12:50:13,2023-04-27 12:50:13
193,2,189,Done Execution,2023-06-21,2023-04-27 12:50:14,2023-04-27 12:50:14
194,2,189,survey complete,2023-07-05,2023-04-27 12:50:14,2023-04-27 12:50:14
195,2,186,develop resource requirements ,2023-06-16,2023-04-28 06:28:37,2023-04-28 06:28:37
196,2,186,develop resource requirements and this had a bad date,2023-07-27,2023-04-28 06:28:37,2023-04-28 06:28:37
197,2,186,develop resource requirements and this had a bad date,2023-09-01,2023-04-28 06:28:37,2023-04-28 06:28:37
198,2,190,develop resource requirements ,2023-06-16,2023-04-28 06:34:10,2023-04-28 06:34:10
199,2,191,develop resource requirements ,2023-06-16,2023-05-25 13:07:38,2023-05-25 13:07:38
200,2,192,develop resource requirements ,2023-05-27,2023-05-25 13:29:28,2023-05-25 13:29:28
201,2,192,develop timeline for main pages,2023-06-01,2023-05-25 13:29:28,2023-05-25 13:29:28
202,2,192,planning complete,2023-06-10,2023-05-25 13:29:28,2023-05-25 13:29:28
203,2,193,develop resource requirements ,2023-05-27,2023-05-25 13:52:42,2023-05-25 13:52:42
204,2,193,develop timeline for main pages,2023-06-01,2023-05-25 13:52:42,2023-05-25 13:52:42
205,2,193,planning complete,2023-06-10,2023-05-25 13:52:43,2023-05-25 13:52:43
206,41,193,develop resource requirements ,2023-05-27,2023-06-12 12:14:37,2023-06-12 12:14:37
207,41,193,develop timeline for main pages,2023-06-01,2023-06-12 12:14:37,2023-06-12 12:14:37
208,41,193,planning complete,2023-06-10,2023-06-12 12:14:37,2023-06-12 12:14:37
209,41,193,develop resource requirements ,2023-05-27,2023-06-12 12:15:01,2023-06-12 12:15:01
210,41,193,develop timeline for main pages,2023-06-01,2023-06-12 12:15:01,2023-06-12 12:15:01
211,41,193,planning complete,2023-06-10,2023-06-12 12:15:01,2023-06-12 12:15:01
212,41,193,develop resource requirements ,2023-05-27,2023-06-12 12:15:45,2023-06-12 12:15:45
213,41,193,develop timeline for main pages,2023-06-01,2023-06-12 12:15:45,2023-06-12 12:15:45
214,41,193,planning complete,2023-06-10,2023-06-12 12:15:45,2023-06-12 12:15:45
215,2,192,develop resource requirements ,2023-05-27,2023-06-12 12:21:10,2023-06-12 12:21:10
216,2,192,develop timeline for main pages,2023-06-01,2023-06-12 12:21:10,2023-06-12 12:21:10
217,2,192,planning complete,2023-06-10,2023-06-12 12:21:10,2023-06-12 12:21:10
218,41,195,develop resource requirements ,2023-06-16,2023-06-12 12:23:15,2023-06-12 12:23:15
219,41,196,develop resource requirements ,2023-06-16,2023-06-12 12:32:19,2023-06-12 12:32:19
220,41,196,Planning Complete,2023-06-17,2023-06-12 12:32:19,2023-06-12 12:32:19
221,41,196,Completed Delivery,2023-07-08,2023-06-12 12:32:19,2023-06-12 12:32:19
222,41,196,develop resource requirements ,2023-06-16,2023-06-12 12:36:27,2023-06-12 12:36:27
223,41,196,Planning Complete,2023-06-17,2023-06-12 12:36:27,2023-06-12 12:36:27
224,41,196,Completed Delivery,2023-07-08,2023-06-12 12:36:28,2023-06-12 12:36:28
225,41,194,develop resource requirements ,2023-06-16,2023-06-12 12:39:57,2023-06-12 12:39:57
226,41,194,Planning Complete,2023-06-17,2023-06-12 12:39:57,2023-06-12 12:39:57
227,41,194,Completed Delivery,2023-07-08,2023-06-12 12:39:57,2023-06-12 12:39:57
228,41,197,develop resource requirements ,2023-06-16,2023-06-12 13:10:13,2023-06-12 13:10:13
229,41,197,Planning Complete,2023-06-17,2023-06-12 13:10:13,2023-06-12 13:10:13
230,41,197,Completed Delivery,2023-07-08,2023-06-12 13:10:13,2023-06-12 13:10:13
231,2,198,Business Case & Recommendation,2023-03-15,2023-06-16 11:06:28,2023-06-16 11:06:28
232,2,198,Capital request approval - UCC,2023-04-10,2023-06-16 11:06:28,2023-06-16 11:06:28
233,2,198,"Vendor Kick off meeting - Review milestones & dates, risks, contraints",2023-06-19,2023-06-16 11:06:28,2023-06-16 11:06:28
234,2,198,UCC- complete SED configuration document,2023-06-19,2023-06-16 11:06:28,2023-06-16 11:06:28
235,2,198,ED -Build system,2023-06-19,2023-06-16 11:06:28,2023-06-16 11:06:28
236,2,198,UCC -Build system,2023-06-29,2023-06-16 11:06:28,2023-06-16 11:06:28
237,2,198,ED-Floor plan,2023-06-29,2023-06-16 11:06:28,2023-06-16 11:06:28
238,2,198,ED-hardware delivered & Asset tagged,2023-06-13,2023-06-16 11:06:28,2023-06-16 11:06:28
239,2,198,UCC-Hardware delivered & Asset tagged,2023-06-13,2023-06-16 11:06:28,2023-06-16 11:06:28
240,2,198,Vendor installation,2023-07-28,2023-06-16 11:06:28,2023-06-16 11:06:28
241,2,198,integration - Reporting (API),2023-08-08,2023-06-16 11:06:29,2023-06-16 11:06:29
242,2,198,Vendor provide training (reports) live + 4 weeks (Incl Clinical + SA/DS support team member),2023-06-19,2023-06-16 11:06:29,2023-06-16 11:06:29
243,55,199,Completed I & R,2023-06-13,2023-06-26 12:41:40,2023-06-26 12:41:40
244,55,199,Plan Ready to Execute,2023-07-03,2023-06-26 12:41:40,2023-06-26 12:41:40
245,55,199,Build Done,2023-10-02,2023-06-26 12:41:40,2023-06-26 12:41:40
246,55,199,Testing Complete,2023-11-30,2023-06-26 12:41:40,2023-06-26 12:41:40
247,55,199,Completed Docs,2023-12-05,2023-06-26 12:41:40,2023-06-26 12:41:40
248,55,199,Project Closed,2023-12-12,2023-06-26 12:41:40,2023-06-26 12:41:40
249,2,200,Network Architecture Design Complete,1970-01-01,2023-08-24 10:14:54,2023-08-24 10:14:54
250,2,200,VPC Setup and Configuration Complete,1970-01-01,2023-08-24 10:14:54,2023-08-24 10:14:54
251,2,200,Subnet Creation and Configuration Complete,1970-01-01,2023-08-24 10:14:54,2023-08-24 10:14:54
252,2,200,Cognito Configuration Complete,1970-01-01,2023-08-24 10:14:54,2023-08-24 10:14:54
253,2,200,File Storage Setup Complete,1970-01-01,2023-08-24 10:14:54,2023-08-24 10:14:54
254,2,200,Data Synchronization Layer Implementation Complete,1970-01-01,2023-08-24 10:14:54,2023-08-24 10:14:54
255,2,201,Discuss the Roles for Each users ,2023-08-25,2023-08-24 13:36:25,2023-08-24 13:36:25
256,2,201,Creation of User using Least Privilege Principal Complete,2023-07-02,2023-08-24 13:36:25,2023-08-24 13:36:25
257,2,201,Determining Appropriate Region for our infrastructure ,2023-07-29,2023-08-24 13:36:25,2023-08-24 13:36:25
258,2,201,Create a HL Diagram,2023-08-04,2023-08-24 13:36:25,2023-08-24 13:36:25
259,2,201,Network Architecture Design Complete,2023-08-23,2023-08-24 13:36:25,2023-08-24 13:36:25
260,2,203,Planning & Review Complete,2023-08-28,2023-08-30 11:08:12,2023-08-30 11:08:12
261,2,203,Questions to client Submitted,2023-09-11,2023-08-30 11:08:12,2023-08-30 11:08:12
262,2,203,Creation and Review Complete,2023-09-27,2023-08-30 11:08:12,2023-08-30 11:08:12
263,2,203,RFP Submitted Successfully,2023-09-29,2023-08-30 11:08:12,2023-08-30 11:08:12
264,2,203,Project Closed,2023-10-04,2023-08-30 11:08:12,2023-08-30 11:08:12
273,2,203,Planning & Review Complete,2023-08-28,2023-08-31 08:09:40,2023-08-31 08:09:40
274,2,203,Questions to client Submitted,2023-09-11,2023-08-31 08:09:40,2023-08-31 08:09:40
275,2,203,Creation and Review Complete,2023-09-27,2023-08-31 08:09:40,2023-08-31 08:09:40
276,2,203,RFP Submitted Successfully,2023-09-29,2023-08-31 08:09:40,2023-08-31 08:09:40
277,2,203,Project Closed,2023-10-04,2023-08-31 08:09:40,2023-08-31 08:09:40
304,2,203,Planning & Review Complete,2023-08-28,2023-08-31 08:30:24,2023-08-31 08:30:24
305,2,203,Questions to client Submitted,2023-09-11,2023-08-31 08:30:24,2023-08-31 08:30:24
306,2,203,Creation and Review Complete,2023-09-27,2023-08-31 08:30:24,2023-08-31 08:30:24
307,2,203,RFP Submitted Successfully,2023-09-29,2023-08-31 08:30:24,2023-08-31 08:30:24
308,2,203,Project Closed,2023-10-04,2023-08-31 08:30:24,2023-08-31 08:30:24
313,2,212,Bid/No Bid Completed,2023-11-16,2023-11-16 12:46:43,2023-11-16 12:46:43
314,2,212,Planning & Review Complete,2023-11-20,2023-11-16 12:46:43,2023-11-16 12:46:43
315,2,212,Questions to client Submitted,2023-11-20,2023-11-16 12:46:43,2023-11-16 12:46:43
316,2,212,Creation and Review Complete,2023-11-27,2023-11-16 12:46:43,2023-11-16 12:46:43
317,2,212,RFP Submitted Successfully,2023-11-30,2023-11-16 12:46:43,2023-11-16 12:46:43
318,2,212,Project Closed,2023-12-05,2023-11-16 12:46:43,2023-11-16 12:46:43
319,2,213,Set up Who/What/When meeting to confirm work ownership (Sales to Lead),2023-11-03,2023-11-22 10:58:09,2023-11-22 10:58:09
320,2,213,Planning & Review Complete,2023-11-22,2023-11-22 10:58:09,2023-11-22 10:58:09
321,2,213,Questions to client Submitted,2023-12-14,2023-11-22 10:58:09,2023-11-22 10:58:09
322,2,213,Testing Complete,2023-02-22,2023-11-22 10:58:09,2023-11-22 10:58:09
323,2,213,close project,2023-03-14,2023-11-22 10:58:09,2023-11-22 10:58:09
324,2,214,Bid/No Bid Completed,2023-11-14,2023-11-28 06:12:52,2023-11-28 06:12:52
325,2,214,Planning & Review Complete,2023-11-16,2023-11-28 06:12:52,2023-11-28 06:12:52
326,2,214,Questions to client Submitted,2023-11-20,2023-11-28 06:12:52,2023-11-28 06:12:52
327,2,214,Creation and Review Complete,2023-12-15,2023-11-28 06:12:52,2023-11-28 06:12:52
328,2,214,RFP Submitted Successfully,2023-12-20,2023-11-28 06:12:52,2023-11-28 06:12:52
329,2,214,Project Closed,2023-12-25,2023-11-28 06:12:52,2023-11-28 06:12:52
353,2,219,mile,2024-05-22,2024-01-30 14:42:44,2024-01-30 14:42:44
354,2,220,buy the materials,2024-05-01,2024-01-30 14:45:05,2024-01-30 14:45:05
355,2,220,Materials obtained,2024-05-04,2024-01-30 14:45:05,2024-01-30 14:45:05
356,2,220,level the ground with gravel,2024-05-03,2024-01-30 14:45:05,2024-01-30 14:45:05
357,2,220,build floor frame,2024-05-07,2024-01-30 14:45:05,2024-01-30 14:45:05
363,2,222,buy the materials,2024-05-01,2024-01-30 14:48:42,2024-01-30 14:48:42
364,2,222,Materials obtained,2024-05-04,2024-01-30 14:48:42,2024-01-30 14:48:42
365,2,222,level the ground with gravel,2024-05-03,2024-01-30 14:48:42,2024-01-30 14:48:42
366,2,222,build floor frame,2024-05-07,2024-01-30 14:48:42,2024-01-30 14:48:42
367,2,222,foundation complete,2024-05-08,2024-01-30 14:48:42,2024-01-30 14:48:42
368,2,223,buy the materials,2024-05-01,2024-01-30 14:50:22,2024-01-30 14:50:22
369,2,223,Materials obtained,2024-05-04,2024-01-30 14:50:22,2024-01-30 14:50:22
370,2,223,level the ground with gravel,2024-05-03,2024-01-30 14:50:22,2024-01-30 14:50:22
371,2,223,build floor frame,2024-05-07,2024-01-30 14:50:22,2024-01-30 14:50:22
372,2,223,foundation complete,2024-05-08,2024-01-30 14:50:22,2024-01-30 14:50:22
373,2,223,build walls to plan,2024-05-09,2024-01-30 14:50:22,2024-01-30 14:50:22
374,2,223,Wall Installation Complete,2024-05-15,2024-01-30 14:50:22,2024-01-30 14:50:22
375,2,224,buy the materials,2024-05-01,2024-01-30 14:52:00,2024-01-30 14:52:00
376,2,224,Materials obtained,2024-05-04,2024-01-30 14:52:00,2024-01-30 14:52:00
377,2,224,level the ground with gravel,2024-05-03,2024-01-30 14:52:00,2024-01-30 14:52:00
378,2,224,build floor frame,2024-05-07,2024-01-30 14:52:00,2024-01-30 14:52:00
379,2,224,foundation complete,2024-05-08,2024-01-30 14:52:00,2024-01-30 14:52:00
380,2,224,build walls to plan,2024-05-09,2024-01-30 14:52:00,2024-01-30 14:52:00
381,2,224,Wall Installation Complete,2024-05-15,2024-01-30 14:52:00,2024-01-30 14:52:00
382,2,224,Roof Complete and Shed Complete,2024-05-27,2024-01-30 14:52:00,2024-01-30 14:52:00
383,2,225,buy the materials,2024-05-01,2024-01-30 14:53:26,2024-01-30 14:53:26
384,2,225,Materials obtained,2024-05-04,2024-01-30 14:53:26,2024-01-30 14:53:26
385,2,225,level the ground with gravel,2024-05-03,2024-01-30 14:53:26,2024-01-30 14:53:26
386,2,225,build floor frame,2024-05-07,2024-01-30 14:53:26,2024-01-30 14:53:26
387,2,225,foundation complete,2024-05-08,2024-01-30 14:53:26,2024-01-30 14:53:26
388,2,225,build walls to plan,2024-05-09,2024-01-30 14:53:26,2024-01-30 14:53:26
389,2,225,Wall Installation Complete,2024-05-15,2024-01-30 14:53:26,2024-01-30 14:53:26
390,2,225,Roof Complete and Shed Complete,2024-05-27,2024-01-30 14:53:26,2024-01-30 14:53:26
391,2,226,buy the materials,2024-05-01,2024-01-30 14:55:09,2024-01-30 14:55:09
392,2,226,Materials obtained,2024-05-04,2024-01-30 14:55:09,2024-01-30 14:55:09
393,2,226,level the ground with gravel,2024-05-03,2024-01-30 14:55:09,2024-01-30 14:55:09
394,2,226,build floor frame,2024-05-07,2024-01-30 14:55:09,2024-01-30 14:55:09
395,2,226,foundation complete,2024-05-08,2024-01-30 14:55:09,2024-01-30 14:55:09
396,2,226,build walls to plan,2024-05-09,2024-01-30 14:55:09,2024-01-30 14:55:09
397,2,226,Wall Installation Complete,2024-05-15,2024-01-30 14:55:09,2024-01-30 14:55:09
398,2,226,Roof Complete and Shed Complete,2024-05-27,2024-01-30 14:55:09,2024-01-30 14:55:09
399,2,227,buy the materials,2024-05-01,2024-01-30 14:56:58,2024-01-30 14:56:58
400,2,227,Materials obtained,2024-05-04,2024-01-30 14:56:58,2024-01-30 14:56:58
401,2,227,level the ground with gravel,2024-05-03,2024-01-30 14:56:58,2024-01-30 14:56:58
402,2,227,build floor frame,2024-05-07,2024-01-30 14:56:58,2024-01-30 14:56:58
403,2,227,foundation complete,2024-05-08,2024-01-30 14:56:58,2024-01-30 14:56:58
404,2,227,build walls to plan,2024-05-09,2024-01-30 14:56:58,2024-01-30 14:56:58
405,2,227,Wall Installation Complete,2024-05-15,2024-01-30 14:56:58,2024-01-30 14:56:58
406,2,227,Roof Complete and Shed Complete,2024-05-27,2024-01-30 14:56:58,2024-01-30 14:56:58
407,2,228,buy the materials,2024-05-01,2024-01-30 15:01:25,2024-01-30 15:01:25
408,2,228,Materials obtained,2024-05-04,2024-01-30 15:01:25,2024-01-30 15:01:25
409,2,228,level the ground with gravel,2024-05-03,2024-01-30 15:01:25,2024-01-30 15:01:25
410,2,228,build floor frame,2024-05-07,2024-01-30 15:01:25,2024-01-30 15:01:25
411,2,228,foundation complete,2024-05-08,2024-01-30 15:01:25,2024-01-30 15:01:25
412,2,228,build walls to plan,2024-05-09,2024-01-30 15:01:25,2024-01-30 15:01:25
413,2,228,Wall Installation Complete,2024-05-15,2024-01-30 15:01:25,2024-01-30 15:01:25
414,2,228,Roof Complete and Shed Complete,2024-05-27,2024-01-30 15:01:25,2024-01-30 15:01:25
415,2,229,Materials obtained,2024-05-04,2024-01-30 15:14:44,2024-01-30 15:14:44
416,2,229,Foundation complete,2024-05-08,2024-01-30 15:14:44,2024-01-30 15:14:44
417,2,229,Wall Installation Complete,2024-05-15,2024-01-30 15:14:44,2024-01-30 15:14:44
418,2,229,Roof Complete and Shed Complete,2024-05-27,2024-01-30 15:14:45,2024-01-30 15:14:45
419,2,230,Materials obtained,2024-05-04,2024-01-30 15:19:34,2024-01-30 15:19:34
420,2,230,Foundation complete,2024-05-08,2024-01-30 15:19:34,2024-01-30 15:19:34
421,2,230,Wall Installation Complete,2024-05-15,2024-01-30 15:19:34,2024-01-30 15:19:34
422,2,230,Roof Complete and Shed Complete,2024-05-27,2024-01-30 15:19:34,2024-01-30 15:19:34
423,2,231,Materials obtained,2024-05-04,2024-01-30 15:24:28,2024-01-30 15:24:28
424,2,231,Foundation complete,2024-05-08,2024-01-30 15:24:28,2024-01-30 15:24:28
425,2,231,Wall Installation Complete,2024-05-15,2024-01-30 15:24:28,2024-01-30 15:24:28
426,2,231,Roof Complete and Shed Complete,2024-05-27,2024-01-30 15:24:28,2024-01-30 15:24:28
