id,creator_id,project_id,description,start_date,end_date,duration,created_at,updated_at
1,2,4,Gather info for Plan,2021-11-02,2021-11-08,6,2021-11-29 06:27:59,2022-02-28 12:01:08
2,2,4,Develop Plan,2021-11-05,2021-12-10,35,2021-11-29 06:28:50,2022-04-12 08:35:59
3,2,4,Project Execution,2021-12-17,2022-04-26,130,2021-11-29 06:29:45,2022-04-12 08:36:53
4,2,4,Review Acceptance,2022-04-25,2022-06-06,42,2021-11-29 06:30:56,2022-04-12 08:36:57
5,2,4,Post Project Review,2022-06-06,2022-06-17,11,2021-11-29 06:32:09,2022-03-05 09:45:19
6,2,4,Technical testing,2022-03-19,2022-04-05,17,2021-11-29 06:40:00,2022-04-12 08:38:37
7,2,4,Close Project,2022-06-24,2022-07-27,33,2021-11-29 06:43:30,2022-03-05 09:45:07
8,10,8,Assemble work team,2022-01-10,2022-01-13,3,2022-01-12 06:38:29,2022-01-12 06:38:29
9,10,8,Present SOW to Client,2022-01-16,2022-01-20,4,2022-01-12 06:39:00,2022-01-12 06:39:00
10,6,12,create a great plan,2022-01-14,2022-01-21,7,2022-01-15 17:10:31,2022-01-15 17:10:31
11,6,12,create a great plan plan B,2022-01-14,2022-01-21,7,2022-01-15 17:10:52,2022-01-15 17:10:52
12,2,20,planning,2022-01-04,2022-01-18,14,2022-01-23 13:02:12,2022-01-23 13:02:12
13,42,25,Deliverable 1,2022-01-31,2022-02-03,3,2022-02-07 02:38:23,2022-02-07 02:38:23
14,32,35,Project Charter,2022-03-02,2022-03-15,13,2022-02-15 14:09:54,2022-02-15 14:09:54
15,32,35,Planning Phase,2022-02-28,2022-03-30,30,2022-02-15 14:15:14,2022-02-15 14:15:14
16,46,36,Major Work Activity 01,2022-02-13,2022-03-07,22,2022-02-28 06:16:37,2022-02-28 06:16:37
17,2,2,planning,2022-03-08,2022-04-01,24,2022-03-05 08:16:41,2022-06-17 12:23:02
18,2,2,Resource Plan,2022-03-18,2022-04-29,42,2022-03-05 08:17:17,2022-06-17 12:26:32
19,2,2,Execute Phase 1,2022-08-18,2022-11-01,75,2022-03-05 08:17:44,2022-06-17 12:26:03
20,2,2,Control plan execution,2022-05-04,2022-08-10,98,2022-03-05 08:18:21,2022-06-17 12:26:37
21,2,2,Close & Obtain Approval,2022-11-14,2022-12-02,18,2022-03-05 08:19:10,2022-06-17 12:25:35
22,52,60,Remove,2022-02-14,2022-04-07,52,2022-03-13 13:57:10,2022-03-24 08:06:42
23,52,60,Install,2022-04-06,2022-05-15,39,2022-03-13 13:57:33,2022-03-24 08:06:49
24,52,60,safety check & test,2022-05-16,2022-06-09,24,2022-03-13 13:58:06,2022-03-24 08:07:05
25,52,60,obtain safety approval certs,2022-05-17,2022-08-04,79,2022-03-13 13:58:34,2022-03-24 08:07:12
26,52,60,final approval,2022-08-03,2022-08-15,12,2022-03-13 14:00:21,2022-03-24 08:07:24
27,35,70,Sprint 1,2022-02-03,2022-02-22,19,2022-03-21 05:59:16,2022-03-21 06:03:55
28,35,70,Sprint 2 - search,2022-02-22,2022-03-11,17,2022-03-21 05:59:39,2022-03-21 06:04:48
29,35,70,Sprint 3,2022-03-11,2022-03-27,16,2022-03-21 06:00:04,2022-03-21 06:05:57
30,2,4,Build infrastructure,2022-02-09,2022-03-28,47,2022-03-23 12:23:59,2022-04-12 08:38:27
31,6,92,create a great plan,2022-06-14,2022-07-13,29,2022-04-01 13:46:11,2022-04-01 14:15:59
32,6,92,what is next,2022-06-13,2022-10-25,134,2022-04-01 13:50:14,2022-04-01 14:31:15
33,6,92,ok what now,2022-06-02,2023-02-07,250,2022-04-01 13:50:44,2022-04-01 13:54:34
34,6,79,deliverable1,2022-04-04,2022-04-15,11,2022-04-09 07:57:43,2022-04-09 08:45:09
36,6,79,item 1,2022-04-02,2022-04-28,26,2022-04-09 08:38:48,2022-04-09 08:44:54
37,6,79,create a great plan,2022-04-02,2022-04-21,19,2022-04-09 08:39:09,2022-04-09 08:45:02
38,6,78,deliverable number 1,2022-06-02,2022-09-25,115,2022-04-30 06:59:21,2022-04-30 07:02:36
39,6,78,deliverable 2,2022-05-05,2022-08-02,89,2022-04-30 06:59:38,2022-04-30 07:01:41
40,6,78,deliverable 3,2022-05-01,2022-06-16,46,2022-04-30 06:59:54,2022-04-30 06:59:54
41,71,100,project kickoff,2022-05-12,2022-05-15,3,2022-05-11 05:20:00,2022-05-11 05:20:00
42,72,102,Plan,2022-05-10,2022-05-15,5,2022-05-11 08:15:11,2022-05-11 08:15:11
43,72,102,Prep,2022-05-16,2022-05-17,1,2022-05-11 08:15:37,2022-05-11 08:17:28
44,72,102,Build,2022-05-17,2022-07-31,75,2022-05-11 08:16:18,2022-05-11 08:16:18
45,72,102,Test,2022-08-01,2022-08-08,7,2022-05-11 08:16:46,2022-05-11 08:16:46
46,72,102,Go-Live,2022-08-14,2022-08-18,4,2022-05-11 08:17:10,2022-05-11 08:17:10
47,72,101,Documentation,2022-05-12,2022-05-15,3,2022-05-12 09:13:53,2022-05-12 09:13:53
49,85,113,Initiation,2022-06-26,2022-06-30,4,2022-06-21 05:08:52,2022-06-21 05:08:52
50,85,113,Planning,2022-07-03,2022-07-07,4,2022-06-21 05:09:04,2022-06-21 05:09:04
51,85,113,Execution,2022-07-10,2022-07-21,11,2022-06-21 05:09:25,2022-06-21 05:09:25
52,72,102,new work,2022-08-22,2022-08-23,1,2022-08-23 06:33:12,2022-08-23 06:33:12
53,2,125,Build Schedule,2022-09-30,2022-10-23,23,2022-10-17 08:07:52,2022-10-17 08:13:54
54,2,125,Cabinet construction,2022-10-25,2022-11-17,23,2022-10-17 08:08:30,2022-10-17 08:16:54
55,2,125,App development customized,2022-10-25,2022-11-18,24,2022-10-17 08:09:08,2022-10-17 08:16:49
56,2,125,Testing & QA,2022-11-17,2022-12-07,20,2022-10-17 08:09:24,2022-10-17 08:17:02
57,2,125,Installation,2022-11-27,2022-12-25,28,2022-10-17 08:09:50,2022-10-17 08:16:40
58,2,125,Final Integration Testing,2022-12-31,2023-01-25,25,2022-10-17 08:10:35,2022-10-17 08:16:21
59,2,125,Project Retrospective,2023-02-01,2023-02-06,5,2022-10-17 08:11:18,2022-10-17 08:15:11
60,2,126,Finalize Design,2022-10-31,2022-12-23,53,2022-10-21 10:13:40,2023-07-04 07:03:12
61,2,126,Order & Install Fixtures,2023-01-31,2023-07-31,181,2022-10-21 10:14:25,2024-01-16 08:59:18
62,2,126,Order & Install Utilities & Tech,2022-12-29,2023-03-23,84,2022-10-21 10:15:07,2022-11-06 06:27:01
63,2,126,Develop Marketing Plan,2023-05-25,2023-07-24,60,2022-10-21 10:15:40,2023-07-04 07:04:41
64,2,126,Hire & Train Staff,2023-05-16,2023-10-27,164,2022-10-21 10:16:20,2023-07-04 07:03:56
65,2,126,Coffee & Supplies,2023-03-30,2023-08-11,134,2022-10-21 10:16:59,2023-07-04 07:04:20
66,2,126,Grand Opening,2023-05-14,2023-05-27,13,2022-10-21 10:17:42,2022-10-21 10:17:42
67,2,127,Assess RFx for Bid No Bid,2022-10-17,2022-10-30,13,2022-11-08 13:51:01,2022-11-08 13:53:46
68,2,127,Develop Section & Fees Content,2022-10-30,2022-11-17,18,2022-11-08 13:51:47,2022-11-08 13:56:02
69,2,127,Prepare RFx Response & LoE,2022-11-16,2022-11-27,11,2022-11-08 13:52:22,2022-11-08 13:55:50
70,2,127,Submit Response,2022-11-27,2022-12-01,4,2022-11-08 13:52:46,2022-11-08 13:53:38
71,7,134,onboarded new dev,2023-03-07,2023-03-08,1,2023-03-07 06:31:05,2023-03-07 06:31:05
102,2,156,identify goals,2023-07-03,2023-07-06,3,2023-04-17 07:59:16,2023-04-17 07:59:16
111,2,160,identify goals,2023-07-03,2023-07-06,3,2023-04-17 08:13:46,2023-04-17 08:13:46
112,2,160,conduct stakeholer interviews,2023-06-17,2023-07-03,16,2023-04-17 08:13:47,2023-04-17 08:13:47
113,2,161,identify goals,2023-07-03,2023-07-06,3,2023-04-17 08:19:48,2023-04-17 08:19:48
114,2,161,conduct stakeholer interviews,2023-06-17,2023-07-03,16,2023-04-17 08:19:48,2023-04-17 08:19:48
115,2,161,conduct stakeholer interviews,2023-06-17,2023-07-03,16,2023-04-17 08:19:48,2023-04-17 08:19:48
116,2,161,develop resource requirements,2023-06-12,2023-06-16,4,2023-04-17 08:19:48,2023-04-17 08:19:48
117,2,161,build schedule and plan,2023-02-25,2023-02-27,2,2023-04-17 08:19:48,2023-04-17 08:19:48
118,2,161,obtain resources,2023-02-04,2023-02-22,18,2023-04-17 08:19:48,2023-04-17 08:19:48
119,2,161,build as planned,2023-05-08,2023-06-19,42,2023-04-17 08:19:48,2023-04-17 08:21:48
120,2,161,test and review,2023-06-17,2023-07-07,20,2023-04-17 08:19:48,2023-04-17 08:19:48
121,2,162,identify goals,2023-07-03,2023-07-06,3,2023-04-17 08:27:11,2023-04-17 08:27:11
122,2,162,conduct stakeholder interviews,2023-06-17,2023-07-03,16,2023-04-17 08:27:11,2023-04-17 08:27:11
123,2,162,conduct stakeholder interviews #2,1970-01-01,2023-07-03,19541,2023-04-17 08:27:11,2023-04-17 08:27:11
124,2,162,develop resource requirements,2023-06-12,2023-06-16,4,2023-04-17 08:27:11,2023-04-17 08:27:11
125,2,162,build schedule and plan,2023-02-25,2023-02-27,2,2023-04-17 08:27:11,2023-04-17 08:27:11
126,2,162,obtain resources,2023-02-04,2023-02-22,18,2023-04-17 08:27:11,2023-04-17 08:27:11
127,2,162,build as planned,2023-06-07,2023-06-19,12,2023-04-17 08:27:11,2023-04-17 08:27:11
128,2,162,test and review,2023-06-17,2023-07-07,20,2023-04-17 08:27:11,2023-04-17 08:27:11
144,2,166,identify goals,2023-07-03,2023-07-06,3,2023-04-17 09:14:11,2023-04-17 09:14:11
145,2,166,conduct stakeholder interviews,2023-06-17,2023-07-03,16,2023-04-17 09:14:11,2023-04-17 09:14:11
146,2,166,develop resource requirements,2023-06-12,2023-06-16,4,2023-04-17 09:14:11,2023-04-17 09:14:11
147,2,166,build schedule and plan,2023-02-25,2023-02-27,2,2023-04-17 09:14:11,2023-04-17 09:14:11
148,2,166,obtain resources,2023-02-04,2023-02-22,18,2023-04-17 09:14:11,2023-04-17 09:14:11
149,2,166,build as planned,2023-06-07,2023-06-19,12,2023-04-17 09:14:11,2023-04-17 09:14:11
150,2,166,test and review,2023-06-17,2023-07-07,20,2023-04-17 09:14:11,2023-04-17 09:14:11
151,2,167,identify goals,2023-07-03,2023-07-06,3,2023-04-17 09:27:18,2023-04-17 09:27:18
152,2,167,conduct stakeholder interviews,2023-06-17,2023-07-03,16,2023-04-17 09:27:18,2023-04-17 09:27:18
153,2,167,develop resource requirements,2023-06-12,2023-06-16,4,2023-04-17 09:27:18,2023-04-17 09:27:18
154,2,167,build schedule and plan,2023-06-01,2023-08-24,84,2023-04-17 09:27:18,2023-04-17 09:39:42
155,2,167,obtain resources,2023-04-05,2023-05-28,53,2023-04-17 09:27:18,2023-04-17 10:57:26
156,2,167,build as planned,2023-06-07,2023-06-19,12,2023-04-17 09:27:18,2023-04-17 09:27:18
157,2,167,test and review,2023-06-17,2023-07-07,20,2023-04-17 09:27:18,2023-04-17 09:27:18
158,2,167,manage risks,2023-08-10,2023-08-12,2,2023-04-17 09:27:19,2023-04-17 09:27:19
159,2,167,manage isssues,2023-08-02,2023-08-12,10,2023-04-17 09:27:19,2023-04-17 09:27:19
160,2,167,manage changes,2023-02-01,2023-03-29,56,2023-04-17 09:27:19,2023-04-17 10:57:20
173,2,170,identify goals,2023-07-03,2023-07-06,3,2023-04-17 09:54:14,2023-04-17 09:54:14
174,2,170,conduct stakeholder interviews,2023-06-17,2023-07-03,16,2023-04-17 09:54:14,2023-04-17 09:54:14
175,2,170,develop resource requirements,2023-06-12,2023-06-16,4,2023-04-17 09:54:14,2023-04-17 09:54:14
176,2,170,build schedule and plan,2023-02-25,2023-02-27,2,2023-04-17 09:54:15,2023-04-17 09:54:15
177,2,170,obtain resources,2023-02-04,2023-02-22,18,2023-04-17 09:54:15,2023-04-17 09:54:15
178,2,170,build as planned,2023-06-07,2023-06-19,12,2023-04-17 09:54:15,2023-04-17 09:54:15
179,2,170,test and review,2023-06-17,2023-07-07,20,2023-04-17 09:54:15,2023-04-17 09:54:15
180,2,170,manage risks,2023-08-10,2023-08-12,2,2023-04-17 09:54:15,2023-04-17 09:54:15
181,2,170,manage isssues,2023-08-02,2023-08-12,10,2023-04-17 09:54:15,2023-04-17 09:54:15
182,2,170,manage changes,1970-01-01,2023-08-27,19596,2023-04-17 09:54:15,2023-04-17 09:54:15
183,2,170,identify goals,2023-07-03,2023-07-06,3,2023-04-20 11:34:55,2023-04-20 11:34:55
184,2,170,conduct stakeholder interviews,2023-06-17,2023-06-22,5,2023-04-20 11:34:55,2023-04-20 11:34:55
185,2,170,conduct stakeholder interviews,2023-06-17,2023-06-22,5,2023-04-20 11:34:55,2023-04-20 11:34:55
186,2,170,develop resource requirements,2023-06-12,2023-06-16,4,2023-04-20 11:34:55,2023-04-20 11:34:55
187,2,170,build schedule and plan,2023-02-25,2023-03-15,18,2023-04-20 11:34:55,2023-04-20 11:34:55
188,2,170,obtain resources,2023-02-04,2023-02-22,18,2023-04-20 11:34:55,2023-04-20 11:34:55
189,2,170,build as planned,2023-06-07,2023-06-19,12,2023-04-20 11:34:55,2023-04-20 11:34:55
190,2,170,test and review,2023-06-17,2023-07-07,20,2023-04-20 11:34:55,2023-04-20 11:34:55
191,2,170,manage risks,2023-08-10,2023-08-12,2,2023-04-20 11:34:55,2023-04-20 11:34:55
192,2,170,manage isssues,2023-08-02,2023-08-12,10,2023-04-20 11:34:55,2023-04-20 11:34:55
193,2,170,manage changes,2023-06-01,2023-08-27,87,2023-04-20 11:34:55,2023-04-20 11:34:55
194,2,171,identify goals,2023-07-03,2023-07-27,24,2023-04-20 11:43:42,2023-04-20 11:43:42
195,2,172,identify goals,2023-07-03,2023-07-27,24,2023-04-20 11:50:41,2023-04-20 11:50:41
196,2,172,Hold several meetings,2023-07-10,2023-07-15,5,2023-04-20 11:50:41,2023-04-20 11:50:41
197,2,172,develop resource requirements,2023-06-12,2023-06-16,4,2023-04-20 11:50:41,2023-04-20 11:50:41
198,2,172,build schedule and plan,2023-02-25,2023-02-27,2,2023-04-20 11:50:41,2023-04-20 11:50:41
199,2,172,obtain resources,2023-02-04,2023-02-22,18,2023-04-20 11:50:41,2023-04-20 11:50:41
200,2,172,build as planned,2023-06-07,2023-06-19,12,2023-04-20 11:50:41,2023-04-20 11:50:41
201,2,172,test and review,2023-06-17,2023-07-07,20,2023-04-20 11:50:41,2023-04-20 11:50:41
202,2,173,identify goals,2023-07-03,2023-07-27,24,2023-04-20 12:18:59,2023-04-20 12:18:59
203,2,173,Hold several meetings,2023-07-10,2023-07-15,5,2023-04-20 12:18:59,2023-04-20 12:18:59
204,2,173,develop resource requirements,2023-06-12,2023-06-16,4,2023-04-20 12:19:00,2023-04-20 12:19:00
205,2,173,build schedule and plan,2023-02-25,2023-02-27,2,2023-04-20 12:19:00,2023-04-20 12:19:00
206,2,173,obtain resources then go to the store to buy a loaf of bread for the team lunch to eat,2023-02-04,2023-02-22,18,2023-04-20 12:19:00,2023-04-20 12:19:00
207,2,173,build as planned,2023-06-07,2023-06-19,12,2023-04-20 12:19:00,2023-04-20 12:19:00
208,2,173,test and review,2023-06-17,2023-07-07,20,2023-04-20 12:19:00,2023-04-20 12:19:00
209,2,174,identify goals,2023-07-03,2023-07-27,24,2023-04-20 12:24:52,2023-04-20 12:24:52
210,2,174,Hold several meetings,2023-07-10,2023-07-15,5,2023-04-20 12:24:52,2023-04-20 12:24:52
211,2,174,build schedule and plan,2023-02-25,2023-02-27,2,2023-04-20 12:24:52,2023-04-20 12:24:52
212,2,174,obtain resources then go to the store to buy a loaf of bread for the team lunch to eat and tehn we can continue to see how the project is advancing ahead for eh organization,2023-02-04,2023-02-22,18,2023-04-20 12:24:52,2023-04-20 12:24:52
213,2,174,build as planned,2023-06-07,2023-06-19,12,2023-04-20 12:24:52,2023-04-20 12:24:52
214,2,174,test and review,2023-07-01,2023-07-07,6,2023-04-20 12:24:52,2023-04-20 12:43:03
215,2,174,develop resource requirements,2023-06-12,2023-06-16,4,2023-04-20 12:24:52,2023-04-20 12:24:52
216,2,174,obtain resources then go to the store to buy a loaf of bread for the team lunch to eat and tehn we can continue to see how the project is advancing ahead for eh organization,2023-02-04,2023-02-22,18,2023-04-20 12:24:52,2023-04-20 12:24:52
217,2,174,build as planned,2023-06-07,2023-06-19,12,2023-04-20 12:24:52,2023-04-20 12:24:52
218,2,174,test and review,2023-03-15,2023-06-07,84,2023-04-20 12:24:52,2023-04-20 12:44:12
222,2,176,identify goals,2023-07-03,2023-07-27,24,2023-04-20 13:03:06,2023-04-20 13:03:06
223,2,176,Hold several meetings,2023-07-10,2023-07-15,5,2023-04-20 13:03:06,2023-04-20 13:03:06
224,2,176,build schedule and plan,2023-02-25,2023-02-27,2,2023-04-20 13:03:06,2023-04-20 13:03:06
225,2,176,obtain resources then go to the store ...shorted,2023-02-04,2023-03-01,25,2023-04-20 13:03:07,2023-04-20 13:03:07
226,2,176,build as planned,2023-06-07,2023-06-19,12,2023-04-20 13:03:07,2023-04-20 13:03:07
227,2,176,test and review,1997-10-20,2023-07-07,9391,2023-04-20 13:03:07,2023-04-25 05:55:29
228,2,176,develop resource requirements,2023-06-12,2023-06-16,4,2023-04-20 13:03:07,2023-04-20 13:03:07
229,2,176,obtain resources then go to the store to buy a loaf of bread for the team lunch to eat and tehn we can continue to see how the project is advancing ahead for eh organization,2023-02-04,2023-02-22,18,2023-04-20 13:03:07,2023-04-20 13:03:07
230,2,176,build as planned,2023-06-07,2023-06-19,12,2023-04-20 13:03:07,2023-04-20 13:03:07
231,2,176,test and review,1970-01-01,2023-07-07,19545,2023-04-20 13:03:07,2023-04-20 13:03:07
232,2,177,identify goals,2023-07-03,2023-07-27,24,2023-04-20 13:05:28,2023-04-20 13:05:28
233,2,177,Hold several meetings,2023-07-10,2023-07-15,5,2023-04-20 13:05:28,2023-04-20 13:05:28
234,2,177,build schedule and plan,2023-02-25,2023-02-27,2,2023-04-20 13:05:28,2023-04-20 13:05:28
235,2,177,obtain resources then go to the store ...shorted,2023-02-04,2023-03-01,25,2023-04-20 13:05:28,2023-04-20 13:05:28
236,2,177,build as planned,2023-06-07,2023-06-19,12,2023-04-20 13:05:28,2023-04-20 13:05:28
237,2,177,test and review,1970-01-01,2023-07-07,19545,2023-04-20 13:05:28,2023-04-20 13:05:28
238,2,177,develop resource requirements,2023-06-12,2023-06-16,4,2023-04-20 13:05:28,2023-04-20 13:05:28
245,2,179,identify goals,2023-07-03,2023-07-27,24,2023-04-20 13:50:28,2023-04-20 13:50:28
246,2,179,Hold several meetings,2023-07-10,2023-07-15,5,2023-04-20 13:50:28,2023-04-20 13:50:28
247,2,179,build schedule and plan,2023-02-25,2023-02-27,2,2023-04-20 13:50:28,2023-04-20 13:50:28
248,2,179,obtain resources then go to the store ...shorted,2023-02-04,2023-03-01,25,2023-04-20 13:50:28,2023-04-20 13:50:28
249,2,179,build as planned,2023-06-07,2023-06-19,12,2023-04-20 13:50:28,2023-04-20 13:50:28
250,2,179,test and review,2023-06-19,2023-07-07,18,2023-04-20 13:50:28,2023-04-20 13:50:28
251,2,179,develop resource requirements,2023-06-12,2023-06-16,4,2023-04-20 13:50:28,2023-04-20 13:50:28
261,2,182,identify goals,2023-07-03,2023-07-27,24,2023-04-25 08:03:52,2023-04-25 08:03:52
262,2,182,Hold several meetings,2023-05-10,2023-07-15,66,2023-04-25 08:03:52,2023-04-25 08:03:52
263,2,182,build schedule and plan,2023-02-25,2023-07-27,152,2023-04-25 08:03:52,2023-04-25 08:03:52
270,2,185,identify goals,2023-07-03,2023-07-27,24,2023-04-25 08:16:18,2023-04-25 08:16:18
271,2,185,Hold several meetings,2023-05-10,2023-07-15,66,2023-04-25 08:16:18,2023-04-25 08:16:18
272,2,186,identify goals,2023-07-03,2023-07-27,24,2023-04-25 08:21:29,2023-04-25 08:21:29
273,2,186,Hold several meetings,2023-05-10,2023-07-15,66,2023-04-25 08:21:29,2023-04-25 08:21:29
274,2,186,identify goals,2023-07-03,2023-07-27,24,2023-04-25 08:21:29,2023-04-25 08:21:29
275,2,186,Hold several meetings vvvvvvvvvv,2023-03-11,2023-06-15,96,2023-04-25 08:21:29,2023-04-25 08:21:29
276,2,186,identify goals,2023-07-28,2023-08-07,10,2023-04-25 08:21:29,2023-04-25 08:21:29
277,2,186,Hold several meetings,2023-08-07,2023-09-01,25,2023-04-25 08:21:29,2023-04-25 08:21:29
278,2,187,identify goals,2023-07-03,2023-07-27,24,2023-04-25 08:28:22,2023-04-25 08:28:22
279,2,187,Hold several meetings,2023-05-10,2023-07-15,66,2023-04-25 08:28:22,2023-04-25 08:28:22
280,2,187,identify goals,2023-07-03,2023-07-27,24,2023-04-25 08:28:22,2023-04-25 08:28:22
281,2,187,Hold several meetings vvvvvvvvvv,2023-03-11,2023-06-15,96,2023-04-25 08:28:22,2023-04-25 08:28:22
282,2,187,identify goals,2023-07-28,2023-08-07,10,2023-04-25 08:28:22,2023-04-25 08:28:22
283,2,187,Hold several meetings,2023-08-07,2023-09-01,25,2023-04-25 08:28:22,2023-04-25 08:28:22
284,2,187,this,2023-02-24,2023-03-22,26,2023-04-25 08:28:22,2023-04-25 08:28:22
285,2,187,that,2023-03-19,2023-03-27,8,2023-04-25 08:28:22,2023-04-25 08:28:22
286,2,187,the other thing,2023-03-27,2023-04-15,19,2023-04-25 08:28:22,2023-04-25 08:28:22
287,2,187,go ahead and do it,2023-04-14,2023-04-25,11,2023-04-25 08:28:22,2023-04-25 08:28:22
288,2,187,the esting,2023-04-22,2023-05-08,16,2023-04-25 08:28:22,2023-04-25 08:28:22
289,2,187,the work to do it,2023-05-08,2023-05-16,8,2023-04-25 08:28:22,2023-04-25 08:28:22
290,2,187,more work to be done,2023-05-16,2023-06-01,16,2023-04-25 08:28:22,2023-04-25 08:28:22
291,2,188,identify goals,2023-07-03,2023-07-27,24,2023-04-25 08:34:18,2023-04-25 08:34:18
292,2,188,Hold several meetings,2023-05-10,2023-07-15,66,2023-04-25 08:34:18,2023-04-25 08:34:18
293,2,188,identify goals,2023-07-03,2023-07-27,24,2023-04-25 08:34:18,2023-04-25 08:34:18
294,2,188,Hold several meetings vvvvvvvvvv,2023-03-11,2023-06-15,96,2023-04-25 08:34:18,2023-04-25 08:34:18
295,2,188,identify goals,2023-07-28,2023-08-07,10,2023-04-25 08:34:18,2023-04-25 08:34:18
296,2,188,Hold several meetings,2023-08-07,2023-09-01,25,2023-04-25 08:34:18,2023-04-25 08:34:18
297,2,188,this,2023-02-24,2023-03-22,26,2023-04-25 08:34:18,2023-04-25 08:34:18
298,2,188,that,2023-03-19,2023-03-27,8,2023-04-25 08:34:18,2023-04-25 08:34:18
299,2,188,the other thing,2023-03-27,2023-04-15,19,2023-04-25 08:34:18,2023-04-25 08:34:18
300,2,188,go ahead and do it,2023-04-14,2023-04-25,11,2023-04-25 08:34:18,2023-04-25 08:34:18
301,2,188,the esting,2023-04-22,2023-05-08,16,2023-04-25 08:34:18,2023-04-25 08:34:18
302,2,188,the work to do it,2023-05-08,2023-05-16,8,2023-04-25 08:34:18,2023-04-25 08:34:18
303,2,188,more work to be done,2023-05-16,2023-06-01,16,2023-04-25 08:34:18,2023-04-25 08:34:18
304,2,189,identify goals,2023-07-03,2023-07-27,24,2023-04-25 08:46:56,2023-04-25 08:46:56
305,2,189,Hold several meetings,2023-05-10,2023-07-15,66,2023-04-25 08:46:56,2023-04-25 08:46:56
306,2,189,identify goals,2023-07-03,2023-07-27,24,2023-04-25 08:46:56,2023-04-25 08:46:56
307,2,189,Hold several meetings vvvvvvvvvv,2023-03-11,2023-06-15,96,2023-04-25 08:46:56,2023-04-25 08:46:56
308,2,189,identify goals,2023-07-28,2023-08-07,10,2023-04-25 08:46:56,2023-04-25 08:46:56
309,2,189,Hold several meetings,2023-08-07,2023-09-01,25,2023-04-25 08:46:56,2023-04-25 08:46:56
310,2,189,this,2023-02-24,2023-03-22,26,2023-04-25 08:46:56,2023-04-25 08:46:56
311,2,189,that,2023-03-19,2023-03-27,8,2023-04-25 08:46:56,2023-04-25 08:46:56
312,2,189,the other thing,2023-03-27,2023-04-15,19,2023-04-25 08:46:56,2023-04-25 08:46:56
313,2,189,go ahead and do it,2023-04-14,2023-04-25,11,2023-04-25 08:46:56,2023-04-25 08:46:56
314,2,189,the esting,2023-04-22,2023-05-08,16,2023-04-25 08:46:56,2023-04-25 08:46:56
315,2,189,the work to do it,2023-05-08,2023-05-16,8,2023-04-25 08:46:56,2023-04-25 08:46:56
316,2,189,more work to be done,2023-05-16,2023-06-01,16,2023-04-25 08:46:56,2023-04-25 08:46:56
317,2,189,identify goals,2023-07-28,2023-08-07,10,2023-04-25 08:46:56,2023-04-25 08:46:56
318,2,189,Hold several meetings,2023-08-07,2023-09-01,25,2023-04-25 08:46:56,2023-04-25 08:46:56
319,2,189,this,2023-04-01,2023-04-06,5,2023-04-25 08:46:56,2023-04-25 08:46:56
320,2,189,that,2023-04-06,2023-04-11,5,2023-04-25 08:46:56,2023-04-25 08:46:56
321,2,189,the other thing,2023-04-11,2023-04-16,5,2023-04-25 08:46:56,2023-04-25 08:46:56
322,2,189,go ahead and do it,2023-04-16,2023-04-21,5,2023-04-25 08:46:56,2023-04-25 08:46:56
323,2,189,the esting,2023-04-21,2023-04-26,5,2023-04-25 08:46:56,2023-04-25 08:46:56
324,2,189,the work to do it,2023-04-26,2023-05-01,5,2023-04-25 08:46:56,2023-04-25 08:46:56
325,2,189,more work to be done,2023-05-01,2023-05-06,5,2023-04-25 08:46:56,2023-04-25 08:46:56
326,2,189,identify goals,2023-05-06,2023-05-11,5,2023-04-25 08:46:56,2023-04-25 08:46:56
327,2,189,Hold several meetings,2023-05-11,2023-05-16,5,2023-04-25 08:46:56,2023-04-25 08:46:56
328,2,189,this,2023-05-16,2023-05-21,5,2023-04-25 08:46:56,2023-04-25 08:46:56
329,2,189,that,2023-05-21,2023-05-26,5,2023-04-25 08:46:56,2023-04-25 08:46:56
330,2,189,the other thing,2023-05-26,2023-05-31,5,2023-04-25 08:46:56,2023-04-25 08:46:56
331,2,189,go ahead and do it,2023-05-31,2023-06-05,5,2023-04-25 08:46:56,2023-04-25 08:46:56
332,2,189,the esting,2023-04-22,2023-05-08,16,2023-04-25 08:46:56,2023-04-25 08:46:56
333,2,189,the work to do it,2023-05-08,2023-05-16,8,2023-04-25 08:46:56,2023-04-25 08:46:56
334,2,189,more work to be done,2023-05-16,2023-06-01,16,2023-04-25 08:46:56,2023-04-25 08:46:56
335,2,189,identify goals,2023-07-28,2023-08-07,10,2023-04-25 08:46:56,2023-04-25 08:46:56
336,2,189,Hold several meetings,2023-08-07,2023-09-01,25,2023-04-25 08:46:56,2023-04-25 08:46:56
337,2,189,go ahead and do it,2023-05-16,2023-05-21,5,2023-04-25 08:46:56,2023-04-25 08:46:56
338,2,189,get it,2023-05-21,2023-05-26,5,2023-04-25 08:46:56,2023-04-25 08:46:56
339,2,189,do this,2023-05-26,2023-05-31,5,2023-04-25 08:46:56,2023-04-25 08:46:56
340,2,189,do that,2023-05-31,2023-06-05,5,2023-04-25 08:46:56,2023-04-25 08:46:56
341,2,189,help,2023-04-22,2023-05-08,16,2023-04-25 08:46:56,2023-04-25 08:46:56
342,2,189,this,2023-05-08,2023-05-16,8,2023-04-25 08:46:56,2023-04-25 08:46:56
343,2,189,goes,2023-05-16,2023-06-01,16,2023-04-25 08:46:56,2023-04-25 08:46:56
344,2,189,id people,2023-07-28,2023-08-07,10,2023-04-25 08:46:56,2023-04-25 08:46:56
345,2,189,go to it,2023-08-07,2023-09-01,25,2023-04-25 08:46:56,2023-04-25 08:46:56
346,2,189,this,2023-05-31,2023-06-05,5,2023-04-25 08:46:56,2023-04-25 08:46:56
347,2,189,that,2023-06-05,2023-06-10,5,2023-04-25 08:46:56,2023-04-25 08:46:56
348,2,189,the other thing,2023-06-10,2023-06-15,5,2023-04-25 08:46:56,2023-04-25 08:46:56
349,2,189,go ahead and do it,2023-06-15,2023-06-20,5,2023-04-25 08:46:56,2023-04-25 08:46:56
350,2,189,the esting,2023-06-20,2023-06-25,5,2023-04-25 08:46:56,2023-04-25 08:46:56
351,2,189,the work to do it,2023-06-25,2023-06-30,5,2023-04-25 08:46:56,2023-04-25 08:46:56
352,2,189,more work to be done,2023-06-30,2023-07-05,5,2023-04-25 08:46:56,2023-04-25 08:46:56
353,2,189,identify goals,2023-07-03,2023-07-27,24,2023-04-27 12:50:11,2023-04-27 12:50:11
354,2,189,Hold several meetings,2023-05-10,2023-07-15,66,2023-04-27 12:50:11,2023-04-27 12:50:11
355,2,189,identify goals,2023-07-03,2023-07-27,24,2023-04-27 12:50:11,2023-04-27 12:50:11
356,2,189,Hold several meetings vvvvvvvvvv,2023-03-11,2023-06-15,96,2023-04-27 12:50:11,2023-04-27 12:50:11
357,2,189,identify goals,2023-07-28,2023-08-07,10,2023-04-27 12:50:12,2023-04-27 12:50:12
358,2,189,Hold several meetings,2023-08-07,2023-09-01,25,2023-04-27 12:50:12,2023-04-27 12:50:12
359,2,189,this,2023-02-24,2023-03-22,26,2023-04-27 12:50:12,2023-04-27 12:50:12
360,2,189,that,2023-03-19,2023-03-27,8,2023-04-27 12:50:12,2023-04-27 12:50:12
361,2,189,the other thing,2023-03-27,2023-04-15,19,2023-04-27 12:50:12,2023-04-27 12:50:12
362,2,189,go ahead and do it,2023-04-14,2023-04-25,11,2023-04-27 12:50:12,2023-04-27 12:50:12
363,2,189,the esting,2023-04-22,2023-05-08,16,2023-04-27 12:50:12,2023-04-27 12:50:12
364,2,189,the work to do it,2023-05-08,2023-05-16,8,2023-04-27 12:50:12,2023-04-27 12:50:12
365,2,189,more work to be done,2023-05-16,2023-06-01,16,2023-04-27 12:50:12,2023-04-27 12:50:12
366,2,189,identify goals,2023-07-28,2023-08-07,10,2023-04-27 12:50:13,2023-04-27 12:50:13
367,2,189,Hold several meetings,2023-08-07,2023-09-01,25,2023-04-27 12:50:13,2023-04-27 12:50:13
368,2,189,this,2023-04-01,2023-04-06,5,2023-04-27 12:50:13,2023-04-27 12:50:13
369,2,189,that,2023-04-06,2023-04-11,5,2023-04-27 12:50:13,2023-04-27 12:50:13
370,2,189,the other thing,2023-04-11,2023-04-16,5,2023-04-27 12:50:13,2023-04-27 12:50:13
371,2,189,go ahead and do it,2023-04-16,2023-04-21,5,2023-04-27 12:50:13,2023-04-27 12:50:13
372,2,189,the esting,2023-04-21,2023-04-26,5,2023-04-27 12:50:13,2023-04-27 12:50:13
373,2,189,the work to do it,2023-04-26,2023-05-01,5,2023-04-27 12:50:13,2023-04-27 12:50:13
374,2,189,more work to be done,2023-05-01,2023-05-06,5,2023-04-27 12:50:13,2023-04-27 12:50:13
375,2,189,identify goals,2023-05-06,2023-05-11,5,2023-04-27 12:50:13,2023-04-27 12:50:13
376,2,189,Hold several meetings,2023-05-11,2023-05-16,5,2023-04-27 12:50:13,2023-04-27 12:50:13
377,2,189,this,2023-05-16,2023-05-21,5,2023-04-27 12:50:13,2023-04-27 12:50:13
378,2,189,that,2023-05-21,2023-05-26,5,2023-04-27 12:50:13,2023-04-27 12:50:13
379,2,189,the other thing,2023-05-26,2023-05-31,5,2023-04-27 12:50:13,2023-04-27 12:50:13
380,2,189,go ahead and do it,2023-05-31,2023-06-05,5,2023-04-27 12:50:13,2023-04-27 12:50:13
381,2,189,the esting,2023-04-22,2023-05-08,16,2023-04-27 12:50:13,2023-04-27 12:50:13
382,2,189,the work to do it,2023-05-08,2023-05-16,8,2023-04-27 12:50:13,2023-04-27 12:50:13
383,2,189,more work to be done,2023-05-16,2023-06-01,16,2023-04-27 12:50:13,2023-04-27 12:50:13
384,2,189,identify goals,2023-07-28,2023-08-07,10,2023-04-27 12:50:13,2023-04-27 12:50:13
385,2,189,Hold several meetings,2023-08-07,2023-09-01,25,2023-04-27 12:50:13,2023-04-27 12:50:13
386,2,189,go ahead and do it,2023-05-16,2023-05-21,5,2023-04-27 12:50:13,2023-04-27 12:50:13
387,2,189,get it,2023-05-21,2023-05-26,5,2023-04-27 12:50:13,2023-04-27 12:50:13
388,2,189,do this,2023-05-26,2023-05-31,5,2023-04-27 12:50:13,2023-04-27 12:50:13
389,2,189,do that,2023-05-31,2023-06-05,5,2023-04-27 12:50:13,2023-04-27 12:50:13
390,2,189,help,2023-04-22,2023-05-08,16,2023-04-27 12:50:13,2023-04-27 12:50:13
391,2,189,this,2023-05-08,2023-05-16,8,2023-04-27 12:50:13,2023-04-27 12:50:13
392,2,189,goes,2023-05-16,2023-06-01,16,2023-04-27 12:50:13,2023-04-27 12:50:13
393,2,189,id people,2023-07-28,2023-08-07,10,2023-04-27 12:50:13,2023-04-27 12:50:13
394,2,189,go to it,2023-08-07,2023-09-01,25,2023-04-27 12:50:13,2023-04-27 12:50:13
395,2,189,this,2023-05-31,2023-06-05,5,2023-04-27 12:50:13,2023-04-27 12:50:13
396,2,189,that,2023-06-05,2023-06-10,5,2023-04-27 12:50:13,2023-04-27 12:50:13
397,2,189,the other thing,2023-06-10,2023-06-15,5,2023-04-27 12:50:13,2023-04-27 12:50:13
398,2,189,go ahead and do it,2023-06-15,2023-06-20,5,2023-04-27 12:50:13,2023-04-27 12:50:13
399,2,189,the esting,2023-06-20,2023-06-25,5,2023-04-27 12:50:14,2023-04-27 12:50:14
400,2,189,the work to do it,2023-06-25,2023-06-30,5,2023-04-27 12:50:14,2023-04-27 12:50:14
401,2,189,more work to be done,2023-06-30,2023-07-05,5,2023-04-27 12:50:14,2023-04-27 12:50:14
402,2,186,identify goals,2023-07-03,2023-07-27,24,2023-04-28 06:28:37,2023-04-28 06:28:37
403,2,186,Hold several meetings,2023-05-10,2023-07-15,66,2023-04-28 06:28:37,2023-04-28 06:28:37
404,2,186,identify goals,2023-07-03,2023-07-27,24,2023-04-28 06:28:37,2023-04-28 06:28:37
405,2,186,Hold several meetings vvvvvvvvvv,2023-03-11,2023-06-15,96,2023-04-28 06:28:37,2023-04-28 06:28:37
406,2,186,identify goals,2023-07-28,2023-08-07,10,2023-04-28 06:28:37,2023-04-28 06:28:37
407,2,186,Hold several meetings,2023-08-07,2023-09-01,25,2023-04-28 06:28:37,2023-04-28 06:28:37
408,2,190,identify goals,2023-07-03,2023-07-27,24,2023-04-28 06:34:10,2023-04-28 06:34:10
409,2,190,Hold several meetings,2023-05-10,2023-07-15,66,2023-04-28 06:34:10,2023-04-28 06:34:10
410,2,191,identify goals,2023-07-03,2023-07-27,24,2023-05-25 13:07:38,2023-05-25 13:07:38
411,2,191,Hold several meetings,2023-05-10,2023-07-15,66,2023-05-25 13:07:38,2023-05-25 13:07:38
412,2,192,identify goals,2023-05-20,2023-05-26,6,2023-05-25 13:29:28,2023-05-25 13:29:28
413,2,192,Hold several meetings,2023-05-24,2023-05-27,3,2023-05-25 13:29:28,2023-05-25 13:29:28
414,2,192,review key deliverables and timing,2023-06-02,2023-06-04,2,2023-05-25 13:29:28,2023-05-25 13:29:28
415,2,192,develop plan,2023-06-04,2023-06-10,6,2023-05-25 13:29:28,2023-05-25 13:29:28
416,2,192,build charts,2023-06-11,2023-06-17,6,2023-05-25 13:29:28,2023-05-25 13:29:28
417,2,192,build main dashboard,2023-06-11,2023-06-15,4,2023-05-25 13:29:28,2023-05-25 13:29:28
418,2,193,identify goals,2023-05-20,2023-05-26,6,2023-05-25 13:52:42,2023-05-25 13:52:42
419,2,193,Hold several meetings,2023-05-24,2023-05-27,3,2023-05-25 13:52:42,2023-05-25 13:52:42
420,2,193,review key deliverables and timing,2023-06-02,2023-06-04,2,2023-05-25 13:52:42,2023-05-25 13:52:42
421,2,193,develop plan,2023-06-04,2023-06-10,6,2023-05-25 13:52:43,2023-05-25 13:52:43
422,2,193,build charts,2023-06-11,2023-06-17,6,2023-05-25 13:52:43,2023-05-25 13:52:43
423,2,193,build main dashboard,2023-06-11,2023-06-15,4,2023-05-25 13:52:43,2023-05-25 13:52:43
424,2,132,test,2023-03-10,2023-04-29,50,2023-06-07 11:43:16,2023-06-07 11:44:05
425,2,132,again,2023-05-17,2023-05-21,4,2023-06-07 11:43:31,2023-06-07 11:43:45
426,41,193,identify goals,2023-05-20,2023-05-26,6,2023-06-12 12:14:37,2023-06-12 12:14:37
427,41,193,Hold several meetings,2023-05-24,2023-05-27,3,2023-06-12 12:14:37,2023-06-12 12:14:37
428,41,193,review key deliverables and timing,2023-06-02,2023-06-04,2,2023-06-12 12:14:37,2023-06-12 12:14:37
429,41,193,develop plan,2023-06-04,2023-06-10,6,2023-06-12 12:14:37,2023-06-12 12:14:37
430,41,193,build charts,2023-06-11,2023-06-17,6,2023-06-12 12:14:37,2023-06-12 12:14:37
431,41,193,build main dashboard,2023-06-11,2023-06-15,4,2023-06-12 12:14:37,2023-06-12 12:14:37
432,41,193,identify goals,2023-05-20,2023-05-26,6,2023-06-12 12:15:01,2023-06-12 12:15:01
433,41,193,Hold several meetings,2023-05-24,2023-05-27,3,2023-06-12 12:15:01,2023-06-12 12:15:01
434,41,193,review key deliverables and timing,2023-06-02,2023-06-04,2,2023-06-12 12:15:01,2023-06-12 12:15:01
435,41,193,develop plan,2023-06-04,2023-06-10,6,2023-06-12 12:15:01,2023-06-12 12:15:01
436,41,193,build charts,2023-06-11,2023-06-17,6,2023-06-12 12:15:01,2023-06-12 12:15:01
437,41,193,build main dashboard,2023-06-11,2023-06-15,4,2023-06-12 12:15:01,2023-06-12 12:15:01
438,41,193,identify goals,2023-05-20,2023-05-26,6,2023-06-12 12:15:45,2023-06-12 12:15:45
439,41,193,Hold several meetings,2023-05-24,2023-05-27,3,2023-06-12 12:15:45,2023-06-12 12:15:45
440,41,193,review key deliverables and timing,2023-06-02,2023-06-04,2,2023-06-12 12:15:45,2023-06-12 12:15:45
441,41,193,develop plan,2023-06-04,2023-06-10,6,2023-06-12 12:15:45,2023-06-12 12:15:45
442,41,193,build charts,2023-06-11,2023-06-17,6,2023-06-12 12:15:45,2023-06-12 12:15:45
443,41,193,build main dashboard,2023-06-11,2023-06-15,4,2023-06-12 12:15:45,2023-06-12 12:15:45
444,2,192,identify goals,2023-05-20,2023-05-26,6,2023-06-12 12:21:10,2023-06-12 12:21:10
445,2,192,Hold several meetings,2023-05-24,2023-05-27,3,2023-06-12 12:21:10,2023-06-12 12:21:10
446,2,192,review key deliverables and timing,2023-06-02,2023-06-04,2,2023-06-12 12:21:10,2023-06-12 12:21:10
447,2,192,develop plan,2023-06-04,2023-06-10,6,2023-06-12 12:21:10,2023-06-12 12:21:10
448,2,192,build charts,2023-06-11,2023-06-17,6,2023-06-12 12:21:10,2023-06-12 12:21:10
449,2,192,build main dashboard,2023-06-11,2023-06-15,4,2023-06-12 12:21:10,2023-06-12 12:21:10
450,41,195,identify goals,2023-07-03,2023-07-27,24,2023-06-12 12:23:15,2023-06-12 12:23:15
451,41,195,Hold several meetings,2023-05-10,2023-07-15,66,2023-06-12 12:23:15,2023-06-12 12:23:15
452,41,196,identify goals,2023-07-03,2023-07-27,24,2023-06-12 12:32:19,2023-06-12 12:32:19
453,41,196,Hold several meetings,2023-05-10,2023-07-15,66,2023-06-12 12:32:19,2023-06-12 12:32:19
454,41,196,conduct stakeholer interviews,2023-06-17,2023-07-03,16,2023-06-12 12:32:19,2023-06-12 12:32:19
455,41,196,develop resource requirements,2023-06-12,2023-06-16,4,2023-06-12 12:32:19,2023-06-12 12:32:19
456,41,196,build schedule and plan,2023-06-12,2023-06-16,4,2023-06-12 12:32:19,2023-06-12 12:32:19
457,41,196,obtain resources,2023-06-01,2023-06-05,4,2023-06-12 12:32:19,2023-06-12 12:32:19
458,41,196,build as planned,2023-06-07,2023-06-22,15,2023-06-12 12:32:19,2023-06-12 12:32:19
459,41,196,test and review,2023-06-22,2023-07-07,15,2023-06-12 12:32:19,2023-06-12 12:32:19
460,41,196,manage team updates,2023-08-07,2023-08-10,3,2023-06-12 12:32:19,2023-06-12 12:32:19
461,41,196,identify goals,2023-07-03,2023-07-27,24,2023-06-12 12:36:27,2023-06-12 12:36:27
462,41,196,Hold several meetings,2023-05-10,2023-07-15,66,2023-06-12 12:36:27,2023-06-12 12:36:27
463,41,196,conduct stakeholer interviews,2023-06-17,2023-07-03,16,2023-06-12 12:36:27,2023-06-12 12:36:27
464,41,196,develop resource requirements,2023-06-12,2023-06-16,4,2023-06-12 12:36:27,2023-06-12 12:36:27
465,41,196,build schedule and plan,2023-06-12,2023-06-16,4,2023-06-12 12:36:27,2023-06-12 12:36:27
466,41,196,obtain resources,2023-06-01,2023-06-05,4,2023-06-12 12:36:27,2023-06-12 12:36:27
467,41,196,build as planned,2023-06-07,2023-06-22,15,2023-06-12 12:36:28,2023-06-12 12:36:28
468,41,196,test and review,2023-06-22,2023-07-07,15,2023-06-12 12:36:28,2023-06-12 12:36:28
469,41,196,manage team updates,2023-08-07,2023-08-10,3,2023-06-12 12:36:28,2023-06-12 12:36:28
470,41,194,identify goals,2023-07-03,2023-07-27,24,2023-06-12 12:39:57,2023-06-12 12:39:57
471,41,194,Hold several meetings,2023-05-10,2023-07-15,66,2023-06-12 12:39:57,2023-06-12 12:39:57
472,41,194,conduct stakeholer interviews,2023-06-17,2023-07-03,16,2023-06-12 12:39:57,2023-06-12 12:39:57
473,41,194,develop resource requirements,2023-06-12,2023-06-16,4,2023-06-12 12:39:57,2023-06-12 12:39:57
474,41,194,build schedule and plan,2023-06-12,2023-06-16,4,2023-06-12 12:39:57,2023-06-12 12:39:57
475,41,194,obtain resources,2023-06-01,2023-06-05,4,2023-06-12 12:39:57,2023-06-12 12:39:57
476,41,194,build as planned,2023-06-07,2023-06-22,15,2023-06-12 12:39:57,2023-06-12 12:39:57
477,41,194,test and review,2023-06-22,2023-07-07,15,2023-06-12 12:39:57,2023-06-12 12:39:57
478,41,194,manage team updates,2023-08-07,2023-08-10,3,2023-06-12 12:39:57,2023-06-12 12:39:57
479,41,197,identify goals,2023-07-03,2023-07-27,24,2023-06-12 13:10:13,2023-06-12 13:10:13
480,41,197,Hold several meetings,2023-05-10,2023-07-15,66,2023-06-12 13:10:13,2023-06-12 13:10:13
481,41,197,conduct stakeholer interviews,2023-06-17,2023-07-03,16,2023-06-12 13:10:13,2023-06-12 13:10:13
482,41,197,develop resource requirements,2023-06-12,2023-06-16,4,2023-06-12 13:10:13,2023-06-12 13:10:13
483,41,197,build schedule and plan,2023-06-12,2023-06-16,4,2023-06-12 13:10:13,2023-06-12 13:10:13
484,41,197,obtain resources,2023-06-01,2023-06-05,4,2023-06-12 13:10:13,2023-06-12 13:10:13
485,41,197,build as planned,2023-06-07,2023-06-22,15,2023-06-12 13:10:13,2023-06-12 13:10:13
486,41,197,test and review,2023-06-22,2023-07-07,15,2023-06-12 13:10:13,2023-06-12 13:10:13
487,41,197,manage team updates,2023-08-07,2023-08-10,3,2023-06-12 13:10:13,2023-06-12 13:10:13
488,2,198,ED Refresh financial approval,2023-04-10,2023-04-17,7,2023-06-16 11:06:28,2023-06-16 11:06:28
489,2,198,Vendor provide two quotes,2023-05-24,2023-06-02,9,2023-06-16 11:06:28,2023-06-16 11:06:28
490,2,198,Clinical submit purchase requisition,2023-06-02,2023-06-09,7,2023-06-16 11:06:28,2023-06-16 11:06:28
491,2,198,Clinical submit purchase requisition,2023-06-02,2023-06-09,7,2023-06-16 11:06:28,2023-06-16 11:06:28
492,2,198,Vendor receives order,2023-06-13,2023-06-13,0,2023-06-16 11:06:28,2023-06-16 11:06:28
493,2,198,ED- complete SED configuration document,2023-06-19,2023-06-29,10,2023-06-16 11:06:28,2023-06-16 11:06:28
494,2,198,UCC-Floor plan,2023-06-19,2023-06-29,10,2023-06-16 11:06:28,2023-06-16 11:06:28
495,2,198,vendor to provide tracking,2023-06-13,2023-08-08,56,2023-06-16 11:06:28,2023-06-16 11:06:28
496,2,198,"Building services - move existing equipment, install wall mounts for speakers & kiosk",2023-06-19,2023-08-08,50,2023-06-16 11:06:28,2023-06-16 11:06:28
497,2,198,Cable Assembly - complete electrical,2023-06-19,2023-08-08,50,2023-06-16 11:06:28,2023-06-16 11:06:28
498,2,198,server ,2023-06-19,2023-08-08,50,2023-06-16 11:06:28,2023-06-16 11:06:28
499,2,198,network,2023-06-19,2023-08-08,50,2023-06-16 11:06:28,2023-06-16 11:06:28
500,2,198,firewalls,2023-06-19,2023-08-08,50,2023-06-16 11:06:28,2023-06-16 11:06:28
501,2,198,Active Directory ,2023-06-19,2023-08-08,50,2023-06-16 11:06:28,2023-06-16 11:06:28
502,2,198,Support - Desktop,2023-06-19,2023-08-08,50,2023-06-16 11:06:28,2023-06-16 11:06:28
503,2,198,Support - Service Desk,2023-06-19,2023-08-08,50,2023-06-16 11:06:29,2023-06-16 11:06:29
504,2,198,Vendor provide training (Server admin),2023-06-19,2023-08-08,50,2023-06-16 11:06:29,2023-06-16 11:06:29
505,2,198,Vendor provide training (Operations panel (manager)) Incl SA/DS support team member,2023-06-19,2023-08-08,50,2023-06-16 11:06:29,2023-06-16 11:06:29
506,2,198,Vendor provide training (clerks)  Incl SA/DS support team member,2023-06-19,2023-08-08,50,2023-06-16 11:06:29,2023-06-16 11:06:29
507,2,198,Go live (transition to DS ops + QMATIC Ops),2023-06-19,2023-09-04,77,2023-06-16 11:06:29,2023-06-16 11:06:29
508,2,198,DS teams to integrate API for Dovetale,2023-06-19,2023-09-04,77,2023-06-16 11:06:29,2023-06-16 11:06:29
509,2,198,DS teams to produce reports ,2023-06-19,2023-09-04,77,2023-06-16 11:06:29,2023-06-16 11:06:29
510,2,198,Lessons learned,2023-06-19,2023-09-04,77,2023-06-16 11:06:29,2023-06-16 11:06:29
511,2,198,Finalize billing,2023-06-19,2023-09-04,77,2023-06-16 11:06:29,2023-06-16 11:06:29
512,2,198,Release Resources,2023-06-08,2023-10-25,139,2023-06-16 11:06:29,2023-06-26 08:58:04
513,55,199,Set meetings and document findings,2023-06-01,2023-06-03,2,2023-06-26 12:41:40,2023-06-26 12:41:40
514,55,199,review resources for technical expertise and availability,2023-06-03,2023-06-12,9,2023-06-26 12:41:40,2023-06-26 12:41:40
515,55,199,set meetings to elaborate on resources and work,2023-06-15,2023-06-18,3,2023-06-26 12:41:40,2023-06-26 12:41:40
516,55,199,review plan and get approval,2023-06-20,2023-06-30,10,2023-06-26 12:41:40,2023-06-26 12:41:40
517,55,199,construct required infrastructure ,2023-07-07,2023-08-22,46,2023-06-26 12:41:40,2023-06-26 12:41:40
518,55,199,add additional machines and program to start,2023-08-03,2023-09-27,55,2023-06-26 12:41:40,2023-06-26 12:41:40
519,55,199,perform testing one and review fix issues bugs,2023-09-15,2023-10-28,43,2023-06-26 12:41:40,2023-06-26 12:41:40
520,55,199,perform testing two and review fix issues,2023-10-28,2023-11-27,30,2023-06-26 12:41:40,2023-06-26 12:41:40
521,55,199,write the infrastructure design details in a document,2023-10-20,2023-12-02,43,2023-06-26 12:41:40,2023-06-26 12:41:40
522,55,199,develop the support material required for support,2023-09-10,2023-11-30,81,2023-06-26 12:41:40,2023-06-26 12:41:40
523,55,199,establish dates for review with sponsor,2023-12-01,2023-12-05,4,2023-06-26 12:41:40,2023-06-26 12:41:40
524,55,199,conduct lessons learned,2023-12-05,2023-12-10,5,2023-06-26 12:41:40,2023-06-26 12:41:40
525,2,200,Create Required IAM Users ,1970-01-01,1970-01-01,0,2023-08-24 10:14:54,2023-08-24 10:14:54
526,2,200,Discuss the Roles for Each users ,1970-01-01,1970-01-01,0,2023-08-24 10:14:54,2023-08-24 10:14:54
527,2,200,Set Up AWS IAM Users and Groups ,1970-01-01,1970-01-01,0,2023-08-24 10:14:54,2023-08-24 10:14:54
528,2,200,Gather Requirements and Constraints for Network Design ,1970-01-01,1970-01-01,0,2023-08-24 10:14:54,2023-08-24 10:14:54
529,2,200,Identify Network Components and Topology,1970-01-01,1970-01-01,0,2023-08-24 10:14:54,2023-08-24 10:14:54
530,2,200,Determining Appropriate Region for our infrastructure ,1970-01-01,1970-01-01,0,2023-08-24 10:14:54,2023-08-24 10:14:54
531,2,200,Create a HL Diagram,1970-01-01,1970-01-01,0,2023-08-24 10:14:54,2023-08-24 10:14:54
532,2,200,Create AWS VPC with Appropriate CIDR Blocks,1970-01-01,1970-01-01,0,2023-08-24 10:14:54,2023-08-24 10:14:54
533,2,200,"Configure Route Tables, Subnets, and Internet Gateway",1970-01-01,1970-01-01,0,2023-08-24 10:14:54,2023-08-24 10:14:54
534,2,200,Implement Network Access Control Lists (NACLs),1970-01-01,1970-01-01,0,2023-08-24 10:14:54,2023-08-24 10:14:54
535,2,200,Define Subnet Requirements for Different Components,1970-01-01,1970-01-01,0,2023-08-24 10:14:54,2023-08-24 10:14:54
536,2,200, Designing and Configuring Subnet Range for Resources  ,1970-01-01,1970-01-01,0,2023-08-24 10:14:54,2023-08-24 10:14:54
537,2,200,Create Public and Private Subnets in Appropriate Availability Zones ,1970-01-01,1970-01-01,0,2023-08-24 10:14:54,2023-08-24 10:14:54
538,2,200,Associate Subnets with Appropriate Route Tables,1970-01-01,1970-01-01,0,2023-08-24 10:14:54,2023-08-24 10:14:54
539,2,200,"Design Security Groups for Different Layers (Front-end, Back-end, Database)",1970-01-01,1970-01-01,0,2023-08-24 10:14:54,2023-08-24 10:14:54
540,2,200,Implement Inbound and Outbound Rules for Security Groups,1970-01-01,1970-01-01,0,2023-08-24 10:14:54,2023-08-24 10:14:54
541,2,200,Review Security Group Rules for Functionality,1970-01-01,1970-01-01,0,2023-08-24 10:14:54,2023-08-24 10:14:54
542,2,200,Security Group Setup Complete,1970-01-01,1970-01-01,0,2023-08-24 10:14:54,2023-08-24 10:14:54
543,2,200,Create and Attach Internet Gateway to VPC,1970-01-01,1970-01-01,0,2023-08-24 10:14:54,2023-08-24 10:14:54
544,2,200,Configure Network Address Translation (NAT) Gateway for Private Subnets,1970-01-01,1970-01-01,0,2023-08-24 10:14:54,2023-08-24 10:14:54
545,2,200,Set Up EC2 Instance as Bastion Host,1970-01-01,1970-01-01,0,2023-08-24 10:14:54,2023-08-24 10:14:54
546,2,200,Configure Security Groups and Access Control for Bastion Host,1970-01-01,1970-01-01,0,2023-08-24 10:14:54,2023-08-24 10:14:54
547,2,200,Bastion Host Setup Complete,1970-01-01,1970-01-01,0,2023-08-24 10:14:54,2023-08-24 10:14:54
548,2,200,RDS Instance Creation and Configuration,1970-01-01,1970-01-01,0,2023-08-24 10:14:54,2023-08-24 10:14:54
549,2,200,Create AWS RDS MySQL Instance in Private Subnet,1970-01-01,1970-01-01,0,2023-08-24 10:14:54,2023-08-24 10:14:54
550,2,200,"Configure Storage, Backup, and Maintenance Settings",1970-01-01,1970-01-01,0,2023-08-24 10:14:54,2023-08-24 10:14:54
551,2,200,Enable Encryption at Rest with AWS KMS,1970-01-01,1970-01-01,0,2023-08-24 10:14:54,2023-08-24 10:14:54
552,2,200,Access Control for RDS Instance,1970-01-01,1970-01-01,0,2023-08-24 10:14:54,2023-08-24 10:14:54
553,2,200,Configure Security Groups for Database Access,1970-01-01,1970-01-01,0,2023-08-24 10:14:54,2023-08-24 10:14:54
554,2,200,Test Database Connectivity from Backend Subnet Only (Troubleshooting Included),1970-01-01,1970-01-01,0,2023-08-24 10:14:54,2023-08-24 10:14:54
555,2,200,8. Database Security Implementation ,1970-01-01,1970-01-01,0,2023-08-24 10:14:54,2023-08-24 10:14:54
556,2,200,API Gateway Configuration,1970-01-01,1970-01-01,0,2023-08-24 10:14:54,2023-08-24 10:14:54
557,2,200, Create API Gateway and Define API Endpoints,1970-01-01,1970-01-01,0,2023-08-24 10:14:54,2023-08-24 10:14:54
558,2,200,Implement Authentication and Authorization for API Requests,1970-01-01,1970-01-01,0,2023-08-24 10:14:54,2023-08-24 10:14:54
559,2,200,Set Up Rate Limiting and Throttling for API Usage ,1970-01-01,1970-01-01,0,2023-08-24 10:14:54,2023-08-24 10:14:54
560,2,200,Create AWS Cognito User Pool for IAM Services,1970-01-01,1970-01-01,0,2023-08-24 10:14:54,2023-08-24 10:14:54
561,2,200,"Configure User Attributes, Password Policies, and MFA",1970-01-01,1970-01-01,0,2023-08-24 10:14:54,2023-08-24 10:14:54
562,2,200," Test User Registration, Login, and Password Management (Troubleshooting Included)",1970-01-01,1970-01-01,0,2023-08-24 10:14:54,2023-08-24 10:14:54
563,2,200,Set Up AWS Cognito Identity Pool for Token Management ,1970-01-01,1970-01-01,0,2023-08-24 10:14:54,2023-08-24 10:14:54
564,2,200,Define Roles and Permissions for Authenticated Users,1970-01-01,1970-01-01,0,2023-08-24 10:14:54,2023-08-24 10:14:54
565,2,200, Test Token Verification for API Requests (Troubleshooting Included),1970-01-01,1970-01-01,0,2023-08-24 10:14:54,2023-08-24 10:14:54
566,2,200,Create AWS WAF WebACLs,1970-01-01,1970-01-01,0,2023-08-24 10:14:54,2023-08-24 10:14:54
567,2,200,Define Rules for OWASP Core Rule Sets,1970-01-01,1970-01-01,0,2023-08-24 10:14:54,2023-08-24 10:14:54
568,2,200,Set Up Custom Rules for Specific Application Security,1970-01-01,1970-01-01,0,2023-08-24 10:14:54,2023-08-24 10:14:54
569,2,200,Associate WAF with API Gateway and Front-end Resources,1970-01-01,1970-01-01,0,2023-08-24 10:14:54,2023-08-24 10:14:54
570,2,200,Link AWS WAF to API Gateway Endpoints,1970-01-01,1970-01-01,0,2023-08-24 10:14:54,2023-08-24 10:14:54
571,2,200,Integrate WAF with Front-end Web Application,1970-01-01,1970-01-01,0,2023-08-24 10:14:54,2023-08-24 10:14:54
572,2,200,Testing of Applications with different vulnerabilities ,1970-01-01,1970-01-01,0,2023-08-24 10:14:54,2023-08-24 10:14:54
573,2,200,WAF Configuration Complete,1970-01-01,1970-01-01,0,2023-08-24 10:14:54,2023-08-24 10:14:54
574,2,200,Create S3 Buckets for File Storage,1970-01-01,1970-01-01,0,2023-08-24 10:14:54,2023-08-24 10:14:54
575,2,200,Design Bucket Structure and Naming Conventions,1970-01-01,1970-01-01,0,2023-08-24 10:14:54,2023-08-24 10:14:54
576,2,200,Set Up Bucket Policies for Access Control,1970-01-01,1970-01-01,0,2023-08-24 10:14:54,2023-08-24 10:14:54
577,2,200, Implement Retention Policies for S3 Objects,1970-01-01,1970-01-01,0,2023-08-24 10:14:54,2023-08-24 10:14:54
578,2,200, Configure Lifecycle Rules for Object Deletion or Archiving ,1970-01-01,1970-01-01,0,2023-08-24 10:14:54,2023-08-24 10:14:54
579,2,200,Test Object Retention and Access Control,1970-01-01,1970-01-01,0,2023-08-24 10:14:54,2023-08-24 10:14:54
580,2,200,Evaluate Data Synchronization Requirements,1970-01-01,1970-01-01,0,2023-08-24 10:14:54,2023-08-24 10:14:54
581,2,200,Identify Data Sources and Targets for Synchronization,1970-01-01,1970-01-01,0,2023-08-24 10:14:54,2023-08-24 10:14:54
582,2,200, Determine Synchronization Frequency and Scope,1970-01-01,1970-01-01,0,2023-08-24 10:14:54,2023-08-24 10:14:54
583,2,200,Choose Data Synchronization Solution ,1970-01-01,1970-01-01,0,2023-08-24 10:14:54,2023-08-24 10:14:54
584,2,200,Evaluate Hevodata CDC and T-SQL Triggers as Alternatives,1970-01-01,1970-01-01,0,2023-08-24 10:14:54,2023-08-24 10:14:54
585,2,200,Select Best-Fit Solution Based on Requirements,1970-01-01,1970-01-01,0,2023-08-24 10:14:54,2023-08-24 10:14:54
586,2,200,Implement Data Synchronization Process,1970-01-01,1970-01-01,0,2023-08-24 10:14:54,2023-08-24 10:14:54
587,2,200,Set Up Hevodata CDC or Develop T-SQL Triggers,1970-01-01,1970-01-01,0,2023-08-24 10:14:54,2023-08-24 10:14:54
588,2,200,Monitor and Test Data Synchronization,1970-01-01,1970-01-01,0,2023-08-24 10:14:54,2023-08-24 10:14:54
589,2,200,"Create AWS Dev, Staging, and Production Environments",1970-01-01,1970-01-01,0,2023-08-24 10:14:54,2023-08-24 10:14:54
590,2,200,Provision EC2 Instances for Each Environment,1970-01-01,1970-01-01,0,2023-08-24 10:14:54,2023-08-24 10:14:54
591,2,200, Configure Security Groups and Access Control ,1970-01-01,1970-01-01,0,2023-08-24 10:14:54,2023-08-24 10:14:54
592,2,200,Prepare Environment for Development Workloads,1970-01-01,1970-01-01,0,2023-08-24 10:14:54,2023-08-24 10:14:54
593,2,200,Optimize Resource Allocation for Non-Production Environments,1970-01-01,1970-01-01,0,2023-08-24 10:14:54,2023-08-24 10:14:54
594,2,200,Install Required Software and Dependencies,1970-01-01,1970-01-01,0,2023-08-24 10:14:54,2023-08-24 10:14:54
595,2,200,Upgrade Production Environment if Necessary ,1970-01-01,1970-01-01,0,2023-08-24 10:14:54,2023-08-24 10:14:54
596,2,200,Monitor Production Workloads and Performance,1970-01-01,1970-01-01,0,2023-08-24 10:14:54,2023-08-24 10:14:54
597,2,200,Scale Up Resources as Required,1970-01-01,1970-01-01,0,2023-08-24 10:14:54,2023-08-24 10:14:54
598,2,200,Testing for Security Group with our infrastructure,1970-01-01,1970-01-01,0,2023-08-24 10:14:54,2023-08-24 10:14:54
599,2,200,Test Connectivity to Internal Resources via Bastion Host,1970-01-01,1970-01-01,0,2023-08-24 10:14:54,2023-08-24 10:14:54
600,2,200,13. Hosting Environment Setup,1970-01-01,1970-01-01,0,2023-08-24 10:14:54,2023-08-24 10:14:54
601,2,200,Set Up AWS WAF for Front-end Protection ,1970-01-01,1970-01-01,0,2023-08-24 10:14:54,2023-08-24 10:14:54
602,2,200,Design WAF Rules for Web Application Protection,1970-01-01,1970-01-01,0,2023-08-24 10:14:54,2023-08-24 10:14:54
603,2,200,Configure WebACLs and Rule Groups,1970-01-01,1970-01-01,0,2023-08-24 10:14:54,2023-08-24 10:14:54
604,2,200,Monitor and Respond to WAF Alerts,1970-01-01,1970-01-01,0,2023-08-24 10:14:54,2023-08-24 10:14:54
605,2,200,Monitor WAF Metrics and Security Alarms,1970-01-01,1970-01-01,0,2023-08-24 10:14:54,2023-08-24 10:14:54
606,2,200,Respond to Suspicious Activities and Security Threats,1970-01-01,1970-01-01,0,2023-08-24 10:14:54,2023-08-24 10:14:54
607,2,200, Configure Security Groups for Resources Security,1970-01-01,1970-01-01,0,2023-08-24 10:14:55,2023-08-24 10:14:55
608,2,200,Define Inbound and Outbound Rules for Security Groups,1970-01-01,1970-01-01,0,2023-08-24 10:14:55,2023-08-24 10:14:55
609,2,200,Restrict Access to Resources Based on Security Policies,1970-01-01,1970-01-01,0,2023-08-24 10:14:55,2023-08-24 10:14:55
610,2,200,Restrict External Access to Database,1970-01-01,1970-01-01,0,2023-08-24 10:14:55,2023-08-24 10:14:55
611,2,200,Configure RDS Security Group to Allow Access Only from Backend Subnet,1970-01-01,1970-01-01,0,2023-08-24 10:14:55,2023-08-24 10:14:55
612,2,200,Test Database Connectivity from Backend Subnet Only,1970-01-01,1970-01-01,0,2023-08-24 10:14:55,2023-08-24 10:14:55
613,2,200,Application Access Configuration,1970-01-01,1970-01-01,0,2023-08-24 10:14:55,2023-08-24 10:14:55
614,2,200, Implement AWS Cognito IAM for Front-end Application Access,1970-01-01,1970-01-01,0,2023-08-24 10:14:55,2023-08-24 10:14:55
615,2,200, Set Up Authentication and Authorization Rules for Front-end Users,1970-01-01,1970-01-01,0,2023-08-24 10:14:55,2023-08-24 10:14:55
616,2,200,"Test User Registration, Login, and Role-Based Access",1970-01-01,1970-01-01,0,2023-08-24 10:14:55,2023-08-24 10:14:55
617,2,200,Firewalls & Authentication and Access Management Complete,1970-01-01,1970-01-01,0,2023-08-24 10:14:55,2023-08-24 10:14:55
618,2,200,Configure Amazon CloudWatch for Monitoring,1970-01-01,1970-01-01,0,2023-08-24 10:14:55,2023-08-24 10:14:55
619,2,201,Create Required IAM Users ,2023-08-24,1970-01-01,-19593,2023-08-24 13:36:25,2023-08-24 13:36:25
620,2,201,Set Up AWS IAM Users and Groups ,1970-01-01,1970-01-01,0,2023-08-24 13:36:25,2023-08-24 13:36:25
621,2,201,Gather Requirements and Constraints for Network Design ,2023-07-12,2023-07-25,13,2023-08-24 13:36:25,2023-08-24 13:36:25
622,2,201,Identify Network Components and Topology,2023-07-25,2023-07-29,4,2023-08-24 13:36:25,2023-08-24 13:36:25
623,2,203,Meet/Review Traxidy RFP plan with Sales. Set Up meet in Traxidy and send out meeting minutes,2023-08-24,2023-08-26,2,2023-08-30 11:08:12,2023-08-30 11:08:12
624,2,203,Set up Who/What/When meeting to confirm work ownership (Sales to Lead),2023-08-26,2023-08-28,2,2023-08-30 11:08:12,2023-08-30 11:08:12
625,2,203,Team meeting to review draft information for completeness,2023-08-26,2023-08-28,2,2023-08-30 11:08:12,2023-08-30 11:08:12
626,2,203,Team Status Update meetings as required,2023-08-26,2023-08-28,2,2023-08-30 11:08:12,2023-08-30 11:08:12
627,2,203,Submit a work-to-date draft of your created documentation to the shared drive,2023-08-26,2023-08-31,5,2023-08-30 11:08:12,2023-08-30 11:08:12
628,2,203,Submit a work-to-date draft of your created RFP information to the MIS3 shared drive,2023-08-26,2023-08-31,5,2023-08-30 11:08:12,2023-08-30 11:08:12
629,2,203,Submit the Partner response costing to MIS3 shared drive,2023-08-26,2023-08-31,5,2023-08-30 11:08:12,2023-08-30 11:08:12
630,2,203,Submit RFP questions to client if necessary,2023-09-11,2023-09-11,0,2023-08-30 11:08:12,2023-08-30 11:08:12
631,2,203,Facilitate Status Update Meeting #1,2023-08-31,2023-09-02,2,2023-08-30 11:08:12,2023-08-30 11:08:12
632,2,203,Facilitate Status Update Meeting #2,2023-09-07,2023-09-09,2,2023-08-30 11:08:12,2023-08-30 11:08:12
633,2,203,Finalize your information for the RFP response and place it in the shared drive,2023-08-26,2023-09-27,32,2023-08-30 11:08:12,2023-08-30 11:08:12
634,2,203,Finalize your information for the RFP response and place it in the shared drive,2023-08-26,2023-09-27,32,2023-08-30 11:08:12,2023-08-30 11:08:12
635,2,203,Review the submitted work for completeness and take next steps,2023-09-27,2023-09-29,2,2023-08-30 11:08:12,2023-08-30 11:08:12
636,2,203,Complete & Submit RFP response documentation,2023-09-28,2023-09-29,1,2023-08-30 11:08:12,2023-08-30 11:08:12
637,2,203,Close project/tasks,2023-10-02,2023-10-04,2,2023-08-30 11:08:12,2023-08-30 11:08:12
653,2,203,Meet/Review Traxidy RFP plan with Sales. Set Up meet in Traxidy and send out meeting minutes,2023-08-24,2023-08-26,2,2023-08-31 08:09:40,2023-08-31 08:09:40
654,2,203,Set up Who/What/When meeting to confirm work ownership (Sales to Lead),2023-08-26,2023-08-28,2,2023-08-31 08:09:40,2023-08-31 08:09:40
655,2,203,Team meeting to review draft information for completeness,2023-08-26,2023-08-28,2,2023-08-31 08:09:40,2023-08-31 08:09:40
656,2,203,Team Status Update meetings as required,2023-08-26,2023-08-28,2,2023-08-31 08:09:40,2023-08-31 08:09:40
657,2,203,Submit a work-to-date draft of your created documentation to the shared drive,2023-08-26,2023-08-31,5,2023-08-31 08:09:40,2023-08-31 08:09:40
658,2,203,Submit a work-to-date draft of your created RFP information to the MIS3 shared drive,2023-08-26,2023-08-31,5,2023-08-31 08:09:40,2023-08-31 08:09:40
659,2,203,Submit the Partner response costing to MIS3 shared drive,2023-08-26,2023-08-31,5,2023-08-31 08:09:40,2023-08-31 08:09:40
660,2,203,Submit RFP questions to client if necessary,2023-09-11,2023-09-11,0,2023-08-31 08:09:40,2023-08-31 08:09:40
661,2,203,Facilitate Status Update Meeting #1,2023-08-31,2023-09-02,2,2023-08-31 08:09:40,2023-08-31 08:09:40
662,2,203,Facilitate Status Update Meeting #2,2023-09-07,2023-09-09,2,2023-08-31 08:09:40,2023-08-31 08:09:40
663,2,203,Finalize your information for the RFP response and place it in the shared drive,2023-08-26,2023-09-27,32,2023-08-31 08:09:40,2023-08-31 08:09:40
664,2,203,Finalize your information for the RFP response and place it in the shared drive,2023-08-26,2023-09-27,32,2023-08-31 08:09:40,2023-08-31 08:09:40
665,2,203,Review the submitted work for completeness and take next steps,2023-09-27,2023-09-29,2,2023-08-31 08:09:40,2023-08-31 08:09:40
666,2,203,Complete & Submit RFP response documentation,2023-09-28,2023-09-29,1,2023-08-31 08:09:40,2023-08-31 08:09:40
667,2,203,Close project/tasks,2023-10-02,2023-10-04,2,2023-08-31 08:09:40,2023-08-31 08:09:40
723,2,203,Meet/Review Traxidy RFP plan with Sales. Set Up meet in Traxidy and send out meeting minutes,2023-08-24,2023-08-26,2,2023-08-31 08:30:24,2023-08-31 08:30:24
724,2,203,Set up Who/What/When meeting to confirm work ownership (Sales to Lead),2023-08-26,2023-08-28,2,2023-08-31 08:30:24,2023-08-31 08:30:24
725,2,203,Team meeting to review draft information for completeness,2023-08-26,2023-08-28,2,2023-08-31 08:30:24,2023-08-31 08:30:24
726,2,203,Team Status Update meetings as required,2023-08-26,2023-08-28,2,2023-08-31 08:30:24,2023-08-31 08:30:24
727,2,203,Submit a work-to-date draft of your created documentation to the shared drive,2023-08-26,2023-08-31,5,2023-08-31 08:30:24,2023-08-31 08:30:24
728,2,203,Submit a work-to-date draft of your created RFP information to the MIS3 shared drive,2023-08-26,2023-08-31,5,2023-08-31 08:30:24,2023-08-31 08:30:24
729,2,203,Submit the Partner response costing to MIS3 shared drive,2023-08-26,2023-08-31,5,2023-08-31 08:30:24,2023-08-31 08:30:24
730,2,203,Submit RFP questions to client if necessary,2023-09-11,2023-09-11,0,2023-08-31 08:30:24,2023-08-31 08:30:24
731,2,203,Facilitate Status Update Meeting #1,2023-08-31,2023-09-02,2,2023-08-31 08:30:24,2023-08-31 08:30:24
732,2,203,Facilitate Status Update Meeting #2,2023-09-07,2023-09-09,2,2023-08-31 08:30:24,2023-08-31 08:30:24
733,2,203,Finalize your information for the RFP response and place it in the shared drive,2023-08-26,2023-09-27,32,2023-08-31 08:30:24,2023-08-31 08:30:24
734,2,203,Finalize your information for the RFP response and place it in the shared drive,2023-08-26,2023-09-27,32,2023-08-31 08:30:24,2023-08-31 08:30:24
735,2,203,Review the submitted work for completeness and take next steps,2023-09-27,2023-09-29,2,2023-08-31 08:30:24,2023-08-31 08:30:24
736,2,203,Complete & Submit RFP response documentation,2023-09-28,2023-09-29,1,2023-08-31 08:30:24,2023-08-31 08:30:24
737,2,203,Close project/tasks,2023-10-02,2023-10-04,2,2023-08-31 08:30:24,2023-08-31 08:30:24
758,2,212,Bid No Bid/Meet/Review RFP with techs and Sales. Setup plan and next steps.,2023-11-14,2023-11-16,2,2023-11-16 12:46:43,2023-11-16 12:46:43
759,2,212,Set up Who/What/When meeting to confirm work ownership (Sales to Lead),2023-11-16,2023-11-18,2,2023-11-16 12:46:43,2023-11-16 12:46:43
760,2,212,"Setup Status Update Meetings as required, to review draft information for completeness",2023-11-16,2023-11-18,2,2023-11-16 12:46:43,2023-11-16 12:46:43
761,2,212,Submit a work-to-date draft of your created documentation to MIS3 or the shared Google Drive,2023-11-16,2023-11-21,5,2023-11-16 12:46:43,2023-11-16 12:46:43
762,2,212,Submit a work-to-date draft of your created RFP information to MIS3 or the shared Google Drive,2023-11-16,2023-11-21,5,2023-11-16 12:46:43,2023-11-16 12:46:43
763,2,212,Submit the Partner response costing to MIS3 or the shared Google Drive,2023-11-16,2023-11-21,5,2023-11-16 12:46:43,2023-11-16 12:46:43
764,2,212,Submit RFP questions to client if necessary,2023-11-20,2023-11-20,0,2023-11-16 12:46:43,2023-11-16 12:46:43
765,2,212,Facilitate Status Update Meeting #1 and produce minutes report,2023-11-21,2023-11-23,2,2023-11-16 12:46:43,2023-11-16 12:46:43
766,2,212,Facilitate Status Update Meeting #2 and produce minutes report,2023-11-28,2023-11-30,2,2023-11-16 12:46:43,2023-11-16 12:46:43
767,2,212,Finalize your information for the RFP response and place it in the shared drive or send to MIS3,2023-11-16,2023-11-25,9,2023-11-16 12:46:43,2023-11-16 12:46:43
768,2,212,Finalize your information for the RFP response and place it in the shared drive or send to MIS3,2023-11-16,2023-11-25,9,2023-11-16 12:46:43,2023-11-16 12:46:43
769,2,212,Review the submitted work for completeness and take next steps if required,2023-11-27,2023-11-29,2,2023-11-16 12:46:43,2023-11-16 12:46:43
770,2,212,Complete & Submit RFP response documentation,2023-11-29,2023-11-30,1,2023-11-16 12:46:43,2023-11-16 12:46:43
771,2,212,Close project/tasks,2023-12-03,2023-12-05,2,2023-11-16 12:46:43,2023-11-16 12:46:43
772,2,213,Meet/Review Traxidy RFP plan with Sales. Set Up meet in Traxidy and send out meeting minutes,2023-11-01,2023-11-03,2,2023-11-22 10:58:09,2023-11-22 10:58:09
773,2,213,Team meeting to review draft information for completeness,2023-11-09,2023-11-12,3,2023-11-22 10:58:09,2023-11-22 10:58:09
774,2,213,Team Status Update meetings as required,2023-11-12,2023-11-22,10,2023-11-22 10:58:09,2023-11-22 10:58:09
775,2,213,Submit a work-to-date draft of your created documentation to the shared drive,2023-11-22,2023-11-27,5,2023-11-22 10:58:09,2023-11-22 10:58:09
776,2,213,Submit a work-to-date draft of your created RFP information to the MIS3 shared drive,2023-11-27,2023-12-05,8,2023-11-22 10:58:09,2023-11-22 10:58:09
777,2,213,Submit the Partner response costing to MIS3 shared drive,2023-12-05,2023-12-10,5,2023-11-22 10:58:09,2023-11-22 10:58:09
778,2,213,Submit RFP questions to client if necessary,2023-12-05,2023-12-14,9,2023-11-22 10:58:09,2023-11-22 10:58:09
779,2,213,setup the environment,2023-01-14,2023-01-22,8,2023-11-22 10:58:09,2023-11-22 10:58:09
780,2,213,perform UAT testing,2023-01-23,2023-02-07,15,2023-11-22 10:58:09,2023-11-22 10:58:09
781,2,213,summarize testing results,2023-02-07,2023-02-22,15,2023-11-22 10:58:09,2023-11-22 10:58:09
782,2,213,Final presentation,2023-02-22,2023-02-24,2,2023-11-22 10:58:09,2023-11-22 10:58:09
783,2,213,sign-off of all material and obtain acceptance,2023-02-22,2023-03-11,17,2023-11-22 10:58:09,2023-11-22 10:58:09
784,2,214,Bid No Bid/Meet/Review RFP with techs and Sales. Setup plan and next steps.,2023-11-12,2023-11-14,2,2023-11-28 06:12:52,2023-11-28 06:12:52
785,2,214,Set up plan development meeting to confirm work ownership of work tasks,2023-11-14,2023-11-16,2,2023-11-28 06:12:52,2023-11-28 06:12:52
786,2,214,"Setup Status Update Meetings as required, to review draft information for completeness",2023-11-14,2023-11-16,2,2023-11-28 06:12:52,2023-11-28 06:12:52
787,2,214,Submit a work-to-date draft of your created documentation to the shared  Drive,2023-11-14,2023-11-19,5,2023-11-28 06:12:52,2023-11-28 06:12:52
788,2,214,Submit a work-to-date draft of your created RFP information ,2023-11-14,2023-11-19,5,2023-11-28 06:12:52,2023-11-28 06:12:52
789,2,214,Submit the Partner response costing ,2023-11-14,2023-11-19,5,2023-11-28 06:12:52,2023-11-28 06:12:52
790,2,214,Submit RFP questions to client if necessary,2023-11-20,2023-11-20,0,2023-11-28 06:12:52,2023-11-28 06:12:52
791,2,214,Facilitate Status Update Meeting #1 and produce minutes report,2023-11-19,2023-11-21,2,2023-11-28 06:12:52,2023-11-28 06:12:52
792,2,214,Facilitate Status Update Meeting #2 and produce minutes report,2023-11-26,2023-11-28,2,2023-11-28 06:12:52,2023-11-28 06:12:52
793,2,214,Finalize your information for the RFP response and place it in the shared drive or send to MIS3,2023-11-14,2023-12-15,31,2023-11-28 06:12:52,2023-11-28 06:12:52
794,2,214,Review the submitted work for completeness and take next steps if required,2023-12-15,2023-12-17,2,2023-11-28 06:12:52,2023-11-28 06:12:52
795,2,214,Complete & Submit RFP response documentation,2023-12-19,2023-12-20,1,2023-11-28 06:12:52,2023-11-28 06:12:52
796,2,214,Close project/tasks,2023-12-23,2023-12-25,2,2023-11-28 06:12:52,2023-11-28 06:12:52
815,2,219,again,2024-05-06,2024-05-12,6,2024-01-30 14:42:44,2024-01-30 14:42:44
816,2,220,make a list of materials,2024-04-29,2024-04-30,1,2024-01-30 14:45:05,2024-01-30 14:45:05
818,2,222,make a list of materials,2024-04-29,2024-04-30,1,2024-01-30 14:48:42,2024-01-30 14:48:42
819,2,223,make a list of materials,2024-04-29,2024-04-30,1,2024-01-30 14:50:22,2024-01-30 14:50:22
820,2,223,install all walls per blueprints,2024-05-10,2024-05-15,5,2024-01-30 14:50:22,2024-01-30 14:50:22
821,2,224,make a list of materials,2024-04-29,2024-04-30,1,2024-01-30 14:52:00,2024-01-30 14:52:00
822,2,224,install all walls per blueprints,2024-05-10,2024-05-15,5,2024-01-30 14:52:00,2024-01-30 14:52:00
823,2,224,install roof trusses,2024-05-16,2024-05-21,5,2024-01-30 14:52:00,2024-01-30 14:52:00
824,2,224,install roof sheathing and shingles,2024-05-17,2024-05-27,10,2024-01-30 14:52:00,2024-01-30 14:52:00
825,2,225,make a list of materials,2024-04-29,2024-04-30,1,2024-01-30 14:53:26,2024-01-30 14:53:26
826,2,225,install all walls per blueprints,2024-05-10,2024-05-15,5,2024-01-30 14:53:26,2024-01-30 14:53:26
827,2,225,install roof trusses,2024-05-16,2024-05-21,5,2024-01-30 14:53:26,2024-01-30 14:53:26
828,2,225,install roof sheathing and shingles,2024-05-17,2024-05-27,10,2024-01-30 14:53:26,2024-01-30 14:53:26
829,2,226,make a list of materials,2024-04-29,2024-04-30,1,2024-01-30 14:55:09,2024-01-30 14:55:09
830,2,226,install all walls per blueprints,2024-05-10,2024-05-15,5,2024-01-30 14:55:09,2024-01-30 14:55:09
831,2,226,install roof trusses,2024-05-16,2024-05-21,5,2024-01-30 14:55:09,2024-01-30 14:55:09
832,2,226,install roof sheathing and shingles,2024-05-17,2024-05-27,10,2024-01-30 14:55:09,2024-01-30 14:55:09
833,2,227,make a list of materials,2024-04-29,2024-04-30,1,2024-01-30 14:56:58,2024-01-30 14:56:58
834,2,227,install all walls per blueprints,2024-05-10,2024-05-15,5,2024-01-30 14:56:58,2024-01-30 14:56:58
835,2,227,install roof trusses,2024-05-16,2024-05-21,5,2024-01-30 14:56:58,2024-01-30 14:56:58
836,2,227,install roof sheathing and shingles,2024-05-17,2024-05-27,10,2024-01-30 14:56:58,2024-01-30 14:56:58
837,2,228,make a list of materials,2024-04-29,2024-04-30,1,2024-01-30 15:01:25,2024-01-30 15:01:25
838,2,228,install all walls per blueprints,2024-05-10,2024-05-15,5,2024-01-30 15:01:25,2024-01-30 15:01:25
839,2,228,install roof trusses,2024-05-16,2024-05-21,5,2024-01-30 15:01:25,2024-01-30 15:01:25
840,2,228,install roof sheathing and shingles,2024-05-17,2024-05-27,10,2024-01-30 15:01:25,2024-01-30 15:01:25
841,2,229,make a list of materials,2024-04-29,2024-04-30,1,2024-01-30 15:14:44,2024-01-30 15:14:44
842,2,229,buy the materials,2024-05-01,2024-05-03,2,2024-01-30 15:14:44,2024-01-30 15:14:44
843,2,229,level the ground with gravel,2024-05-03,2024-05-06,3,2024-01-30 15:14:44,2024-01-30 15:14:44
844,2,229,build floor frame,2024-05-07,2024-05-08,1,2024-01-30 15:14:44,2024-01-30 15:14:44
845,2,229,build walls to plan,2024-05-09,2024-05-10,1,2024-01-30 15:14:44,2024-01-30 15:14:44
846,2,229,install all walls per blueprints,2024-05-10,2024-05-15,5,2024-01-30 15:14:44,2024-01-30 15:14:44
847,2,229,install roof trusses,2024-05-16,2024-05-21,5,2024-01-30 15:14:44,2024-01-30 15:14:44
848,2,229,install roof sheathing and shingles,2024-05-17,2024-05-27,10,2024-01-30 15:14:44,2024-01-30 15:14:44
849,2,230,make a list of materials,2024-04-29,2024-04-30,1,2024-01-30 15:19:34,2024-01-30 15:19:34
850,2,230,buy the materials,2024-05-01,2024-05-03,2,2024-01-30 15:19:34,2024-01-30 15:19:34
851,2,230,level the ground with gravel,2024-05-03,2024-05-06,3,2024-01-30 15:19:34,2024-01-30 15:19:34
852,2,230,build floor frame,2024-05-07,2024-05-08,1,2024-01-30 15:19:34,2024-01-30 15:19:34
853,2,230,build walls to plan,2024-05-09,2024-05-10,1,2024-01-30 15:19:34,2024-01-30 15:19:34
854,2,230,install all walls per blueprints,2024-05-10,2024-05-15,5,2024-01-30 15:19:34,2024-01-30 15:19:34
855,2,230,install roof trusses,2024-05-16,2024-05-21,5,2024-01-30 15:19:34,2024-01-30 15:19:34
856,2,230,install roof sheathing and shingles,2024-05-17,2024-05-27,10,2024-01-30 15:19:34,2024-01-30 15:19:34
857,2,231,make a list of materials,2024-04-29,2024-04-30,1,2024-01-30 15:24:28,2024-01-30 15:24:28
858,2,231,buy the materials,2024-05-01,2024-05-03,2,2024-01-30 15:24:28,2024-01-30 15:24:28
859,2,231,level the ground with gravel,2024-05-03,2024-05-06,3,2024-01-30 15:24:28,2024-01-30 15:24:28
860,2,231,build floor frame,2024-05-07,2024-05-08,1,2024-01-30 15:24:28,2024-01-30 15:24:28
861,2,231,build walls to plan,2024-05-09,2024-05-10,1,2024-01-30 15:24:28,2024-01-30 15:24:28
862,2,231,install all walls per blueprints,2024-05-10,2024-05-15,5,2024-01-30 15:24:28,2024-01-30 15:24:28
863,2,231,install roof trusses,2024-05-16,2024-05-21,5,2024-01-30 15:24:28,2024-01-30 15:24:28
864,2,231,install roof sheathing and shingles,2024-05-17,2024-05-27,10,2024-01-30 15:24:28,2024-01-30 15:24:28
